mentee_id,categories,gender,styles,environment
1,"필라테스, 주식, 독서","여자, 남자","차분함, 비즈니스, 천천히",오프라인
2,"면접, 종교, 다이어트",여자,"협력적, 꼼꼼함, 차분함","온라인, 오프라인"
3,"경제, 코딩, 외국어","여자, 남자","신중함, 협력적, 천천히","오프라인, 온라인"
4,"프로젝트, 식단, 외국어","여자, 남자","신중함, 친목, 협력적","오프라인, 온라인"
5,"코딩, 독서, 자격증","남자, 여자","비즈니스, 꼼꼼함, 스파르타",오프라인
6,"면접, 경제, 영화","여자, 남자","활발함, 스파르타, 협력적",오프라인
7,"테니스, 다이어트, 명상",남자,"친목, 비즈니스, 긍정적","온라인, 오프라인"
8,"음악, 다이어트, 영화","여자, 남자","긍정적, 친목, 협력적","온라인, 오프라인"
9,"축구, 프로젝트, 종교",남자,"신중함, 활발함, 천천히",오프라인
10,"테니스, 필라테스, 프로젝트",남자,"친목, 스파르타, 차분함",온라인
11,"다이어트, 경제, 명상",여자,"스파르타, 긍정적, 꼼꼼함",온라인
12,"프로젝트, 축구, 식단","남자, 여자","스파르타, 천천히, 꼼꼼함",오프라인
13,"축구, 테니스, 경제","여자, 남자","스파르타, 협력적, 긍정적","오프라인, 온라인"
14,"종교, 주식, 미술",여자,"활발함, 긍정적, 차분함","오프라인, 온라인"
15,"주식, 독서, 테니스","여자, 남자","꼼꼼함, 차분함, 신중함","오프라인, 온라인"
16,"외국어, 필라테스, 영화",남자,"꼼꼼함, 비즈니스, 천천히",오프라인
17,"종교, 독서, 프로젝트",남자,"비즈니스, 친목, 긍정적","오프라인, 온라인"
18,"코딩, 음악, 헬스",남자,"긍정적, 꼼꼼함, 활발함","온라인, 오프라인"
19,"면접, 프로젝트, 다이어트","여자, 남자","스파르타, 신중함, 차분함","오프라인, 온라인"
20,"독서, 테니스, 자격증","남자, 여자","스파르타, 차분함, 신중함",오프라인
21,"자격증, 헬스, 음악",남자,"친목, 꼼꼼함, 활발함","오프라인, 온라인"
22,"식단, 종교, 독서","남자, 여자","활발함, 신중함, 천천히",오프라인
23,"외국어, 면접, 종교",남자,"꼼꼼함, 긍정적, 차분함","오프라인, 온라인"
24,"자격증, 경제, 테니스","남자, 여자","스파르타, 천천히, 친목",온라인
25,"영화, 자격증, 미술","여자, 남자","협력적, 스파르타, 긍정적","오프라인, 온라인"
26,"자격증, 종교, 식단",남자,"협력적, 꼼꼼함, 천천히",오프라인
27,"음악, 주식, 영화",여자,"천천히, 신중함, 친목","오프라인, 온라인"
28,"축구, 경제, 코딩","여자, 남자","스파르타, 차분함, 긍정적","온라인, 오프라인"
29,"헬스, 독서, 외국어","남자, 여자","꼼꼼함, 협력적, 비즈니스",오프라인
30,"프로젝트, 영화, 식단","여자, 남자","협력적, 긍정적, 차분함","오프라인, 온라인"
31,"독서, 음악, 미술","남자, 여자","비즈니스, 꼼꼼함, 차분함","온라인, 오프라인"
32,"다이어트, 축구, 주식",여자,"활발함, 꼼꼼함, 신중함","오프라인, 온라인"
33,"코딩, 식단, 외국어",여자,"친목, 차분함, 협력적",온라인
34,"음악, 외국어, 면접",여자,"친목, 스파르타, 천천히","오프라인, 온라인"
35,"헬스, 명상, 필라테스","남자, 여자","차분함, 활발함, 꼼꼼함",온라인
36,"음악, 주식, 프로젝트",여자,"신중함, 꼼꼼함, 천천히","온라인, 오프라인"
37,"축구, 프로젝트, 외국어","남자, 여자","스파르타, 활발함, 신중함",온라인
38,"필라테스, 경제, 코딩","남자, 여자","긍정적, 협력적, 천천히",온라인
39,"축구, 코딩, 음악",남자,"스파르타, 비즈니스, 긍정적",오프라인
40,"독서, 미술, 음악","여자, 남자","활발함, 비즈니스, 꼼꼼함",온라인
41,"자격증, 프로젝트, 종교",남자,"비즈니스, 꼼꼼함, 스파르타",온라인
42,"미술, 명상, 음악","남자, 여자","차분함, 협력적, 천천히","온라인, 오프라인"
43,"미술, 필라테스, 다이어트","여자, 남자","긍정적, 꼼꼼함, 활발함","온라인, 오프라인"
44,"외국어, 프로젝트, 음악",남자,"꼼꼼함, 비즈니스, 긍정적",온라인
45,"테니스, 경제, 다이어트","남자, 여자","협력적, 스파르타, 긍정적",온라인
46,"면접, 주식, 코딩",여자,"활발함, 친목, 신중함",오프라인
47,"자격증, 미술, 헬스",남자,"천천히, 협력적, 긍정적",오프라인
48,"주식, 영화, 미술",남자,"차분함, 꼼꼼함, 천천히","온라인, 오프라인"
49,"경제, 면접, 종교",여자,"천천히, 꼼꼼함, 차분함",온라인
50,"헬스, 경제, 필라테스",남자,"활발함, 협력적, 신중함",온라인
51,"주식, 다이어트, 명상","남자, 여자","천천히, 비즈니스, 꼼꼼함",온라인
52,"식단, 주식, 프로젝트","남자, 여자","긍정적, 활발함, 신중함","온라인, 오프라인"
53,"필라테스, 코딩, 헬스","여자, 남자","협력적, 비즈니스, 친목","오프라인, 온라인"
54,"주식, 프로젝트, 헬스","여자, 남자","신중함, 긍정적, 차분함","오프라인, 온라인"
55,"테니스, 명상, 경제",남자,"차분함, 스파르타, 천천히","오프라인, 온라인"
56,"영화, 미술, 명상","여자, 남자","비즈니스, 긍정적, 신중함","온라인, 오프라인"
57,"프로젝트, 축구, 면접","여자, 남자","꼼꼼함, 천천히, 차분함",오프라인
58,"미술, 자격증, 코딩",남자,"꼼꼼함, 천천히, 친목","온라인, 오프라인"
59,"음악, 식단, 필라테스","남자, 여자","신중함, 긍정적, 스파르타",오프라인
60,"미술, 종교, 테니스","남자, 여자","친목, 스파르타, 활발함","오프라인, 온라인"
61,"축구, 독서, 자격증",여자,"비즈니스, 스파르타, 긍정적",온라인
62,"다이어트, 음악, 테니스","남자, 여자","차분함, 긍정적, 꼼꼼함",오프라인
63,"영화, 경제, 종교",남자,"스파르타, 차분함, 긍정적",온라인
64,"면접, 프로젝트, 헬스",여자,"친목, 차분함, 천천히","온라인, 오프라인"
65,"음악, 다이어트, 축구",여자,"차분함, 스파르타, 친목","온라인, 오프라인"
66,"테니스, 경제, 외국어",남자,"꼼꼼함, 긍정적, 협력적","온라인, 오프라인"
67,"주식, 식단, 미술",여자,"차분함, 친목, 꼼꼼함",오프라인
68,"주식, 코딩, 테니스","여자, 남자","꼼꼼함, 협력적, 친목","온라인, 오프라인"
69,"코딩, 외국어, 주식",남자,"신중함, 친목, 천천히","온라인, 오프라인"
70,"테니스, 자격증, 코딩","여자, 남자","친목, 천천히, 긍정적",온라인
71,"영화, 독서, 자격증","여자, 남자","비즈니스, 스파르타, 협력적","온라인, 오프라인"
72,"외국어, 미술, 테니스",남자,"꼼꼼함, 차분함, 천천히","온라인, 오프라인"
73,"주식, 명상, 테니스","여자, 남자","꼼꼼함, 차분함, 협력적",온라인
74,"식단, 면접, 미술","남자, 여자","긍정적, 꼼꼼함, 차분함",온라인
75,"미술, 프로젝트, 자격증","남자, 여자","차분함, 협력적, 긍정적","오프라인, 온라인"
76,"외국어, 식단, 헬스","남자, 여자","꼼꼼함, 협력적, 차분함",온라인
77,"주식, 프로젝트, 다이어트",여자,"차분함, 신중함, 활발함",오프라인
78,"테니스, 필라테스, 영화",여자,"신중함, 긍정적, 꼼꼼함","오프라인, 온라인"
79,"음악, 테니스, 종교",남자,"스파르타, 친목, 차분함","온라인, 오프라인"
80,"영화, 음악, 외국어",남자,"스파르타, 활발함, 꼼꼼함","온라인, 오프라인"
81,"면접, 미술, 필라테스",남자,"활발함, 긍정적, 차분함",온라인
82,"음악, 다이어트, 필라테스","남자, 여자","차분함, 꼼꼼함, 비즈니스","온라인, 오프라인"
83,"면접, 음악, 다이어트","남자, 여자","긍정적, 비즈니스, 활발함","온라인, 오프라인"
84,"필라테스, 미술, 면접","남자, 여자","천천히, 스파르타, 활발함",온라인
85,"자격증, 헬스, 코딩","남자, 여자","차분함, 친목, 꼼꼼함",오프라인
86,"자격증, 테니스, 면접","여자, 남자","스파르타, 활발함, 꼼꼼함","온라인, 오프라인"
87,"자격증, 프로젝트, 다이어트","여자, 남자","차분함, 활발함, 스파르타","오프라인, 온라인"
88,"종교, 필라테스, 다이어트",남자,"꼼꼼함, 협력적, 차분함",오프라인
89,"다이어트, 테니스, 코딩",남자,"차분함, 스파르타, 신중함","온라인, 오프라인"
90,"외국어, 명상, 경제",남자,"친목, 협력적, 스파르타","온라인, 오프라인"
91,"외국어, 프로젝트, 경제",남자,"긍정적, 천천히, 차분함","오프라인, 온라인"
92,"미술, 테니스, 축구",남자,"신중함, 협력적, 스파르타","오프라인, 온라인"
93,"영화, 헬스, 미술","남자, 여자","비즈니스, 활발함, 꼼꼼함","온라인, 오프라인"
94,"주식, 미술, 음악","여자, 남자","활발함, 비즈니스, 천천히",온라인
95,"면접, 영화, 다이어트","남자, 여자","친목, 천천히, 스파르타","온라인, 오프라인"
96,"영화, 음악, 식단","남자, 여자","천천히, 비즈니스, 활발함",온라인
97,"자격증, 독서, 식단",여자,"비즈니스, 활발함, 차분함","온라인, 오프라인"
98,"경제, 독서, 다이어트","남자, 여자","차분함, 활발함, 협력적","오프라인, 온라인"
99,"면접, 명상, 필라테스","여자, 남자","친목, 협력적, 비즈니스",온라인
100,"자격증, 헬스, 주식",남자,"신중함, 친목, 긍정적","온라인, 오프라인"
101,"자격증, 미술, 경제",남자,"천천히, 꼼꼼함, 차분함",오프라인
102,"테니스, 다이어트, 자격증",남자,"신중함, 천천히, 꼼꼼함","온라인, 오프라인"
103,"면접, 코딩, 테니스","남자, 여자","신중함, 차분함, 긍정적","온라인, 오프라인"
104,"주식, 헬스, 다이어트","여자, 남자","꼼꼼함, 친목, 활발함",온라인
105,"자격증, 음악, 축구",여자,"천천히, 차분함, 긍정적",오프라인
106,"테니스, 프로젝트, 종교",남자,"차분함, 긍정적, 협력적",온라인
107,"프로젝트, 경제, 음악","남자, 여자","신중함, 꼼꼼함, 비즈니스","온라인, 오프라인"
108,"면접, 식단, 다이어트","여자, 남자","스파르타, 활발함, 꼼꼼함","오프라인, 온라인"
109,"프로젝트, 종교, 축구","남자, 여자","긍정적, 비즈니스, 친목",오프라인
110,"축구, 다이어트, 필라테스","남자, 여자","스파르타, 친목, 긍정적",온라인
111,"필라테스, 프로젝트, 음악","여자, 남자","비즈니스, 활발함, 친목",오프라인
112,"음악, 면접, 축구",남자,"차분함, 스파르타, 활발함",온라인
113,"독서, 영화, 헬스","남자, 여자","비즈니스, 신중함, 스파르타","오프라인, 온라인"
114,"주식, 경제, 종교",여자,"차분함, 스파르타, 친목","오프라인, 온라인"
115,"프로젝트, 축구, 음악",여자,"신중함, 활발함, 스파르타",오프라인
116,"면접, 필라테스, 헬스","남자, 여자","활발함, 스파르타, 천천히",온라인
117,"영화, 독서, 외국어","남자, 여자","활발함, 차분함, 신중함","온라인, 오프라인"
118,"테니스, 자격증, 다이어트",남자,"활발함, 긍정적, 천천히","온라인, 오프라인"
119,"자격증, 필라테스, 종교",여자,"긍정적, 협력적, 신중함",온라인
120,"음악, 주식, 식단","남자, 여자","천천히, 친목, 차분함",온라인
121,"경제, 프로젝트, 독서","남자, 여자","긍정적, 차분함, 꼼꼼함","온라인, 오프라인"
122,"테니스, 외국어, 프로젝트","여자, 남자","긍정적, 협력적, 차분함","온라인, 오프라인"
123,"테니스, 영화, 종교","여자, 남자","천천히, 꼼꼼함, 비즈니스","온라인, 오프라인"
124,"음악, 독서, 외국어","남자, 여자","협력적, 꼼꼼함, 천천히",온라인
125,"종교, 식단, 코딩","여자, 남자","천천히, 차분함, 협력적",온라인
126,"식단, 영화, 축구",여자,"활발함, 비즈니스, 꼼꼼함",온라인
127,"필라테스, 면접, 미술",남자,"활발함, 친목, 스파르타",온라인
128,"주식, 축구, 코딩",여자,"긍정적, 비즈니스, 차분함","오프라인, 온라인"
129,"종교, 식단, 주식",남자,"스파르타, 천천히, 긍정적","오프라인, 온라인"
130,"명상, 면접, 음악",남자,"꼼꼼함, 친목, 긍정적",온라인
131,"경제, 독서, 자격증","여자, 남자","친목, 스파르타, 신중함",온라인
132,"헬스, 영화, 프로젝트",여자,"신중함, 스파르타, 차분함","오프라인, 온라인"
133,"프로젝트, 축구, 필라테스",남자,"긍정적, 활발함, 비즈니스","오프라인, 온라인"
134,"명상, 필라테스, 미술","남자, 여자","비즈니스, 꼼꼼함, 활발함","온라인, 오프라인"
135,"명상, 음악, 필라테스",남자,"활발함, 긍정적, 신중함","온라인, 오프라인"
136,"외국어, 다이어트, 경제","여자, 남자","비즈니스, 신중함, 협력적","온라인, 오프라인"
137,"독서, 경제, 주식","남자, 여자","차분함, 신중함, 긍정적","온라인, 오프라인"
138,"필라테스, 코딩, 종교",남자,"긍정적, 꼼꼼함, 활발함",오프라인
139,"미술, 자격증, 종교","남자, 여자","차분함, 긍정적, 신중함",오프라인
140,"독서, 외국어, 프로젝트","남자, 여자","친목, 비즈니스, 꼼꼼함",온라인
141,"축구, 독서, 헬스",남자,"활발함, 긍정적, 스파르타",오프라인
142,"다이어트, 면접, 코딩",남자,"친목, 꼼꼼함, 스파르타","오프라인, 온라인"
143,"헬스, 영화, 테니스",남자,"신중함, 친목, 비즈니스",오프라인
144,"헬스, 프로젝트, 축구","여자, 남자","비즈니스, 차분함, 친목","오프라인, 온라인"
145,"주식, 필라테스, 코딩",남자,"비즈니스, 친목, 천천히",오프라인
146,"종교, 명상, 음악","남자, 여자","긍정적, 스파르타, 활발함",오프라인
147,"주식, 헬스, 명상",남자,"차분함, 신중함, 스파르타",온라인
148,"음악, 외국어, 미술",남자,"스파르타, 활발함, 꼼꼼함","온라인, 오프라인"
149,"주식, 헬스, 코딩","여자, 남자","꼼꼼함, 천천히, 차분함",오프라인
150,"음악, 다이어트, 필라테스",여자,"긍정적, 신중함, 차분함","온라인, 오프라인"
151,"축구, 외국어, 프로젝트",여자,"긍정적, 신중함, 활발함","온라인, 오프라인"
152,"독서, 축구, 프로젝트",남자,"천천히, 활발함, 친목","온라인, 오프라인"
153,"테니스, 다이어트, 식단","여자, 남자","긍정적, 천천히, 비즈니스","오프라인, 온라인"
154,"헬스, 명상, 영화","여자, 남자","천천히, 꼼꼼함, 차분함",온라인
155,"헬스, 외국어, 독서","남자, 여자","꼼꼼함, 비즈니스, 긍정적","온라인, 오프라인"
156,"영화, 경제, 독서",남자,"차분함, 비즈니스, 활발함","온라인, 오프라인"
157,"헬스, 축구, 영화",여자,"협력적, 긍정적, 친목","오프라인, 온라인"
158,"식단, 음악, 주식","여자, 남자","협력적, 스파르타, 신중함",온라인
159,"주식, 명상, 다이어트","남자, 여자","천천히, 차분함, 친목",오프라인
160,"외국어, 다이어트, 자격증","남자, 여자","차분함, 활발함, 친목","온라인, 오프라인"
161,"필라테스, 프로젝트, 독서",여자,"긍정적, 친목, 스파르타","온라인, 오프라인"
162,"자격증, 음악, 미술",남자,"친목, 신중함, 활발함",오프라인
163,"자격증, 면접, 경제","여자, 남자","차분함, 활발함, 비즈니스",오프라인
164,"독서, 경제, 코딩",여자,"비즈니스, 친목, 활발함","오프라인, 온라인"
165,"자격증, 필라테스, 헬스",여자,"비즈니스, 천천히, 긍정적",온라인
166,"필라테스, 종교, 식단",남자,"꼼꼼함, 협력적, 천천히","온라인, 오프라인"
167,"면접, 영화, 코딩",여자,"스파르타, 긍정적, 천천히","오프라인, 온라인"
168,"필라테스, 독서, 자격증","남자, 여자","긍정적, 친목, 활발함","오프라인, 온라인"
169,"코딩, 미술, 식단","남자, 여자","스파르타, 활발함, 천천히",온라인
170,"자격증, 필라테스, 축구",남자,"긍정적, 천천히, 협력적",오프라인
171,"자격증, 테니스, 축구",남자,"신중함, 긍정적, 협력적",오프라인
172,"영화, 코딩, 경제","여자, 남자","긍정적, 신중함, 비즈니스",온라인
173,"주식, 자격증, 프로젝트","남자, 여자","협력적, 신중함, 비즈니스",오프라인
174,"종교, 독서, 명상",여자,"꼼꼼함, 친목, 천천히",온라인
175,"명상, 외국어, 음악",여자,"협력적, 스파르타, 꼼꼼함",온라인
176,"축구, 명상, 외국어","남자, 여자","신중함, 천천히, 비즈니스",오프라인
177,"축구, 종교, 영화","여자, 남자","신중함, 천천히, 꼼꼼함",오프라인
178,"다이어트, 식단, 독서","남자, 여자","신중함, 친목, 스파르타","오프라인, 온라인"
179,"주식, 축구, 코딩",여자,"천천히, 스파르타, 비즈니스","오프라인, 온라인"
180,"종교, 프로젝트, 독서","남자, 여자","차분함, 천천히, 꼼꼼함","온라인, 오프라인"
181,"코딩, 면접, 필라테스","여자, 남자","활발함, 신중함, 비즈니스",오프라인
182,"종교, 명상, 식단",여자,"차분함, 스파르타, 친목",온라인
183,"식단, 독서, 음악",여자,"친목, 차분함, 천천히",온라인
184,"종교, 축구, 명상","여자, 남자","꼼꼼함, 활발함, 차분함","오프라인, 온라인"
185,"종교, 독서, 면접","남자, 여자","활발함, 꼼꼼함, 친목",온라인
186,"테니스, 코딩, 면접","남자, 여자","비즈니스, 신중함, 활발함","온라인, 오프라인"
187,"헬스, 식단, 주식",여자,"꼼꼼함, 협력적, 스파르타","오프라인, 온라인"
188,"필라테스, 축구, 식단","여자, 남자","협력적, 스파르타, 꼼꼼함","오프라인, 온라인"
189,"음악, 면접, 필라테스","남자, 여자","긍정적, 친목, 협력적","오프라인, 온라인"
190,"외국어, 식단, 영화",남자,"친목, 비즈니스, 스파르타",오프라인
191,"종교, 경제, 축구",남자,"비즈니스, 꼼꼼함, 긍정적",온라인
192,"경제, 코딩, 다이어트",남자,"협력적, 천천히, 활발함",오프라인
193,"프로젝트, 영화, 테니스",여자,"친목, 긍정적, 비즈니스",온라인
194,"다이어트, 주식, 경제",남자,"친목, 신중함, 스파르타",온라인
195,"테니스, 코딩, 미술",남자,"꼼꼼함, 스파르타, 차분함","오프라인, 온라인"
196,"영화, 필라테스, 경제","여자, 남자","비즈니스, 친목, 차분함","오프라인, 온라인"
197,"영화, 음악, 식단","여자, 남자","스파르타, 긍정적, 비즈니스","온라인, 오프라인"
198,"프로젝트, 종교, 음악","남자, 여자","친목, 협력적, 비즈니스",오프라인
199,"주식, 테니스, 경제",남자,"친목, 신중함, 스파르타",오프라인
200,"경제, 코딩, 필라테스","남자, 여자","천천히, 협력적, 신중함",오프라인
201,"경제, 영화, 종교","남자, 여자","활발함, 친목, 신중함",오프라인
202,"독서, 헬스, 경제",여자,"신중함, 스파르타, 활발함","오프라인, 온라인"
203,"식단, 미술, 코딩",여자,"차분함, 협력적, 긍정적",온라인
204,"음악, 명상, 다이어트",남자,"친목, 비즈니스, 차분함",오프라인
205,"다이어트, 독서, 음악",남자,"긍정적, 비즈니스, 친목",오프라인
206,"다이어트, 미술, 경제",여자,"차분함, 스파르타, 활발함",오프라인
207,"종교, 영화, 자격증","여자, 남자","신중함, 꼼꼼함, 협력적",온라인
208,"면접, 미술, 헬스","남자, 여자","차분함, 꼼꼼함, 비즈니스",온라인
209,"명상, 음악, 외국어",여자,"스파르타, 긍정적, 친목","오프라인, 온라인"
210,"코딩, 미술, 프로젝트",여자,"스파르타, 비즈니스, 꼼꼼함","오프라인, 온라인"
211,"프로젝트, 영화, 미술","남자, 여자","꼼꼼함, 활발함, 신중함","온라인, 오프라인"
212,"자격증, 다이어트, 코딩","여자, 남자","꼼꼼함, 차분함, 천천히","오프라인, 온라인"
213,"영화, 음악, 미술",여자,"협력적, 활발함, 천천히",온라인
214,"명상, 미술, 필라테스","남자, 여자","긍정적, 신중함, 활발함","오프라인, 온라인"
215,"면접, 주식, 식단","여자, 남자","신중함, 긍정적, 차분함","오프라인, 온라인"
216,"코딩, 미술, 식단",여자,"차분함, 신중함, 꼼꼼함","온라인, 오프라인"
217,"외국어, 식단, 음악",남자,"스파르타, 활발함, 친목",오프라인
218,"필라테스, 독서, 식단","남자, 여자","활발함, 천천히, 협력적",오프라인
219,"명상, 필라테스, 축구",남자,"활발함, 긍정적, 신중함",온라인
220,"면접, 자격증, 경제",남자,"꼼꼼함, 친목, 비즈니스",온라인
221,"축구, 코딩, 주식",여자,"긍정적, 스파르타, 활발함","온라인, 오프라인"
222,"자격증, 식단, 테니스","여자, 남자","협력적, 활발함, 스파르타",온라인
223,"음악, 코딩, 외국어","남자, 여자","긍정적, 스파르타, 천천히","오프라인, 온라인"
224,"명상, 미술, 테니스",여자,"협력적, 스파르타, 친목",오프라인
225,"종교, 미술, 면접","여자, 남자","협력적, 친목, 긍정적","오프라인, 온라인"
226,"면접, 다이어트, 프로젝트",여자,"활발함, 신중함, 협력적",오프라인
227,"독서, 코딩, 축구","여자, 남자","꼼꼼함, 긍정적, 신중함",오프라인
228,"독서, 주식, 자격증",남자,"활발함, 스파르타, 신중함",오프라인
229,"주식, 프로젝트, 면접",여자,"스파르타, 천천히, 신중함","온라인, 오프라인"
230,"외국어, 종교, 독서",남자,"활발함, 차분함, 비즈니스",온라인
231,"다이어트, 경제, 헬스",남자,"신중함, 천천히, 활발함",오프라인
232,"헬스, 음악, 미술","여자, 남자","스파르타, 차분함, 비즈니스",온라인
233,"음악, 독서, 미술",남자,"친목, 천천히, 긍정적",온라인
234,"독서, 식단, 다이어트","여자, 남자","신중함, 친목, 스파르타","오프라인, 온라인"
235,"영화, 독서, 음악","여자, 남자","비즈니스, 활발함, 꼼꼼함",오프라인
236,"경제, 식단, 음악","여자, 남자","협력적, 천천히, 꼼꼼함","오프라인, 온라인"
237,"프로젝트, 영화, 종교","남자, 여자","협력적, 꼼꼼함, 비즈니스",오프라인
238,"코딩, 헬스, 종교",남자,"친목, 비즈니스, 긍정적","온라인, 오프라인"
239,"음악, 다이어트, 외국어",여자,"친목, 활발함, 협력적",온라인
240,"독서, 음악, 코딩","여자, 남자","차분함, 신중함, 긍정적",오프라인
241,"주식, 축구, 미술",여자,"친목, 신중함, 스파르타",오프라인
242,"프로젝트, 면접, 명상",남자,"차분함, 활발함, 긍정적","오프라인, 온라인"
243,"종교, 음악, 헬스",여자,"신중함, 친목, 비즈니스",온라인
244,"프로젝트, 헬스, 다이어트",남자,"활발함, 신중함, 꼼꼼함",오프라인
245,"헬스, 프로젝트, 외국어","남자, 여자","꼼꼼함, 비즈니스, 차분함","온라인, 오프라인"
246,"미술, 헬스, 테니스",남자,"활발함, 천천히, 신중함",온라인
247,"축구, 주식, 코딩",남자,"긍정적, 꼼꼼함, 협력적","온라인, 오프라인"
248,"필라테스, 음악, 식단","남자, 여자","차분함, 천천히, 활발함",온라인
249,"경제, 헬스, 테니스","여자, 남자","천천히, 긍정적, 비즈니스","온라인, 오프라인"
250,"외국어, 코딩, 테니스",여자,"스파르타, 비즈니스, 차분함","오프라인, 온라인"
251,"다이어트, 종교, 식단","여자, 남자","천천히, 협력적, 비즈니스",온라인
252,"다이어트, 축구, 식단","여자, 남자","협력적, 활발함, 신중함",온라인
253,"자격증, 독서, 음악",남자,"스파르타, 친목, 비즈니스",온라인
254,"경제, 필라테스, 코딩",여자,"활발함, 스파르타, 꼼꼼함","오프라인, 온라인"
255,"경제, 식단, 헬스","여자, 남자","꼼꼼함, 협력적, 활발함","온라인, 오프라인"
256,"테니스, 헬스, 필라테스","여자, 남자","꼼꼼함, 신중함, 협력적","온라인, 오프라인"
257,"음악, 독서, 면접","여자, 남자","스파르타, 친목, 신중함",오프라인
258,"외국어, 헬스, 종교","여자, 남자","신중함, 차분함, 꼼꼼함","온라인, 오프라인"
259,"식단, 필라테스, 경제","여자, 남자","협력적, 긍정적, 꼼꼼함","오프라인, 온라인"
260,"테니스, 음악, 면접","여자, 남자","천천히, 활발함, 긍정적",오프라인
261,"음악, 식단, 독서","남자, 여자","협력적, 활발함, 천천히",오프라인
262,"테니스, 독서, 미술","남자, 여자","긍정적, 차분함, 꼼꼼함","온라인, 오프라인"
263,"자격증, 명상, 다이어트","여자, 남자","스파르타, 활발함, 협력적","온라인, 오프라인"
264,"음악, 다이어트, 식단",여자,"스파르타, 비즈니스, 협력적","오프라인, 온라인"
265,"자격증, 주식, 외국어","여자, 남자","차분함, 꼼꼼함, 긍정적",오프라인
266,"미술, 외국어, 코딩","여자, 남자","활발함, 차분함, 꼼꼼함","온라인, 오프라인"
267,"독서, 식단, 명상","남자, 여자","활발함, 긍정적, 꼼꼼함",온라인
268,"필라테스, 주식, 면접",남자,"활발함, 천천히, 스파르타",온라인
269,"다이어트, 종교, 자격증",남자,"스파르타, 비즈니스, 천천히","온라인, 오프라인"
270,"독서, 주식, 면접",남자,"협력적, 천천히, 친목","오프라인, 온라인"
271,"면접, 영화, 주식","남자, 여자","협력적, 꼼꼼함, 긍정적","온라인, 오프라인"
272,"테니스, 코딩, 외국어","여자, 남자","스파르타, 긍정적, 꼼꼼함",온라인
273,"헬스, 명상, 음악",여자,"스파르타, 친목, 비즈니스","오프라인, 온라인"
274,"미술, 필라테스, 코딩","여자, 남자","긍정적, 꼼꼼함, 차분함","오프라인, 온라인"
275,"영화, 독서, 경제","남자, 여자","긍정적, 스파르타, 친목",온라인
276,"코딩, 자격증, 테니스","여자, 남자","활발함, 긍정적, 협력적","온라인, 오프라인"
277,"코딩, 영화, 음악","남자, 여자","천천히, 차분함, 협력적","오프라인, 온라인"
278,"테니스, 면접, 필라테스","여자, 남자","차분함, 스파르타, 긍정적","오프라인, 온라인"
279,"영화, 음악, 명상",여자,"비즈니스, 스파르타, 친목","오프라인, 온라인"
280,"헬스, 테니스, 주식",여자,"긍정적, 차분함, 활발함",오프라인
281,"외국어, 미술, 자격증",남자,"꼼꼼함, 비즈니스, 긍정적",오프라인
282,"명상, 다이어트, 코딩",남자,"활발함, 꼼꼼함, 신중함","온라인, 오프라인"
283,"축구, 자격증, 테니스","남자, 여자","천천히, 꼼꼼함, 차분함",온라인
284,"외국어, 음악, 주식","남자, 여자","활발함, 차분함, 긍정적",온라인
285,"필라테스, 명상, 미술",여자,"차분함, 활발함, 친목",온라인
286,"종교, 헬스, 독서","여자, 남자","친목, 협력적, 차분함","온라인, 오프라인"
287,"독서, 축구, 자격증","여자, 남자","친목, 차분함, 협력적","오프라인, 온라인"
288,"외국어, 독서, 테니스",여자,"긍정적, 차분함, 스파르타",온라인
289,"면접, 음악, 식단","남자, 여자","신중함, 천천히, 긍정적",오프라인
290,"음악, 헬스, 코딩","남자, 여자","스파르타, 비즈니스, 천천히","온라인, 오프라인"
291,"외국어, 명상, 프로젝트","남자, 여자","비즈니스, 긍정적, 친목",온라인
292,"외국어, 면접, 음악",여자,"스파르타, 신중함, 비즈니스",오프라인
293,"종교, 테니스, 영화",여자,"스파르타, 활발함, 친목","오프라인, 온라인"
294,"면접, 테니스, 자격증",여자,"꼼꼼함, 친목, 협력적","온라인, 오프라인"
295,"미술, 외국어, 축구","여자, 남자","신중함, 스파르타, 협력적","온라인, 오프라인"
296,"헬스, 독서, 영화",남자,"꼼꼼함, 신중함, 친목","오프라인, 온라인"
297,"주식, 면접, 외국어","남자, 여자","꼼꼼함, 긍정적, 신중함",오프라인
298,"면접, 자격증, 종교","남자, 여자","스파르타, 친목, 신중함",온라인
299,"주식, 헬스, 영화",남자,"친목, 차분함, 신중함","온라인, 오프라인"
300,"미술, 영화, 음악",여자,"비즈니스, 차분함, 긍정적","온라인, 오프라인"
301,"음악, 외국어, 필라테스",남자,"비즈니스, 스파르타, 활발함",온라인
302,"식단, 외국어, 경제",남자,"친목, 협력적, 꼼꼼함","오프라인, 온라인"
303,"코딩, 프로젝트, 자격증",여자,"신중함, 긍정적, 꼼꼼함",온라인
304,"음악, 축구, 경제",남자,"협력적, 꼼꼼함, 천천히",온라인
305,"다이어트, 코딩, 프로젝트","여자, 남자","비즈니스, 천천히, 스파르타",온라인
306,"식단, 테니스, 필라테스",여자,"꼼꼼함, 천천히, 신중함","오프라인, 온라인"
307,"음악, 종교, 필라테스","남자, 여자","활발함, 긍정적, 친목",오프라인
308,"자격증, 음악, 주식",남자,"친목, 차분함, 신중함","온라인, 오프라인"
309,"코딩, 축구, 독서","남자, 여자","협력적, 신중함, 차분함","온라인, 오프라인"
310,"코딩, 헬스, 프로젝트",남자,"스파르타, 친목, 긍정적","온라인, 오프라인"
311,"영화, 식단, 종교",여자,"비즈니스, 스파르타, 활발함","오프라인, 온라인"
312,"종교, 축구, 필라테스",남자,"차분함, 협력적, 비즈니스",오프라인
313,"식단, 독서, 헬스",남자,"활발함, 긍정적, 친목",온라인
314,"코딩, 미술, 필라테스",여자,"활발함, 꼼꼼함, 비즈니스","온라인, 오프라인"
315,"영화, 자격증, 외국어",남자,"스파르타, 친목, 긍정적",오프라인
316,"영화, 경제, 종교",여자,"신중함, 친목, 긍정적","오프라인, 온라인"
317,"명상, 면접, 식단","남자, 여자","신중함, 협력적, 차분함",온라인
318,"독서, 종교, 식단","남자, 여자","스파르타, 비즈니스, 신중함","오프라인, 온라인"
319,"음악, 미술, 코딩",여자,"비즈니스, 협력적, 신중함","오프라인, 온라인"
320,"경제, 필라테스, 프로젝트","남자, 여자","천천히, 긍정적, 스파르타","오프라인, 온라인"
321,"코딩, 필라테스, 자격증","남자, 여자","꼼꼼함, 활발함, 친목","온라인, 오프라인"
322,"테니스, 주식, 미술","여자, 남자","활발함, 친목, 차분함","온라인, 오프라인"
323,"자격증, 미술, 종교",남자,"긍정적, 협력적, 천천히","온라인, 오프라인"
324,"주식, 코딩, 미술","여자, 남자","활발함, 비즈니스, 친목","오프라인, 온라인"
325,"외국어, 식단, 코딩",여자,"긍정적, 활발함, 협력적",온라인
326,"음악, 프로젝트, 식단",남자,"비즈니스, 친목, 활발함",온라인
327,"자격증, 명상, 코딩","여자, 남자","협력적, 비즈니스, 친목","온라인, 오프라인"
328,"영화, 테니스, 식단","남자, 여자","긍정적, 신중함, 협력적","오프라인, 온라인"
329,"미술, 경제, 외국어",남자,"친목, 꼼꼼함, 신중함",온라인
330,"헬스, 코딩, 면접","여자, 남자","친목, 협력적, 활발함",온라인
331,"면접, 코딩, 명상","여자, 남자","스파르타, 긍정적, 친목","오프라인, 온라인"
332,"헬스, 독서, 자격증","남자, 여자","긍정적, 천천히, 신중함",오프라인
333,"외국어, 코딩, 헬스",남자,"친목, 신중함, 스파르타",오프라인
334,"명상, 다이어트, 자격증",여자,"꼼꼼함, 활발함, 차분함",오프라인
335,"영화, 코딩, 다이어트",남자,"긍정적, 비즈니스, 활발함",오프라인
336,"면접, 필라테스, 테니스",남자,"꼼꼼함, 신중함, 협력적","오프라인, 온라인"
337,"외국어, 종교, 독서","남자, 여자","긍정적, 차분함, 협력적",오프라인
338,"영화, 식단, 다이어트","여자, 남자","친목, 차분함, 긍정적","온라인, 오프라인"
339,"식단, 주식, 필라테스","여자, 남자","천천히, 차분함, 꼼꼼함",오프라인
340,"헬스, 자격증, 필라테스",남자,"비즈니스, 스파르타, 차분함","온라인, 오프라인"
341,"경제, 미술, 필라테스",남자,"천천히, 꼼꼼함, 활발함",오프라인
342,"프로젝트, 음악, 테니스","남자, 여자","차분함, 긍정적, 신중함","오프라인, 온라인"
343,"음악, 다이어트, 영화","여자, 남자","천천히, 꼼꼼함, 협력적","오프라인, 온라인"
344,"명상, 축구, 종교","남자, 여자","친목, 꼼꼼함, 신중함","오프라인, 온라인"
345,"영화, 헬스, 축구","남자, 여자","협력적, 긍정적, 꼼꼼함","온라인, 오프라인"
346,"면접, 축구, 미술","여자, 남자","천천히, 신중함, 꼼꼼함",온라인
347,"영화, 헬스, 테니스",여자,"스파르타, 신중함, 비즈니스",오프라인
348,"면접, 식단, 다이어트","남자, 여자","활발함, 스파르타, 꼼꼼함",오프라인
349,"독서, 미술, 코딩","남자, 여자","활발함, 협력적, 긍정적","온라인, 오프라인"
350,"다이어트, 식단, 축구","남자, 여자","꼼꼼함, 차분함, 친목","오프라인, 온라인"
351,"면접, 코딩, 명상","남자, 여자","비즈니스, 차분함, 신중함","온라인, 오프라인"
352,"다이어트, 헬스, 축구",남자,"비즈니스, 차분함, 신중함","오프라인, 온라인"
353,"프로젝트, 종교, 헬스","여자, 남자","협력적, 긍정적, 친목",온라인
354,"경제, 프로젝트, 음악","여자, 남자","친목, 비즈니스, 협력적","온라인, 오프라인"
355,"코딩, 식단, 외국어","남자, 여자","긍정적, 차분함, 신중함",온라인
356,"영화, 다이어트, 명상","여자, 남자","차분함, 신중함, 스파르타",온라인
357,"축구, 종교, 명상",남자,"친목, 차분함, 스파르타",온라인
358,"외국어, 미술, 테니스",여자,"꼼꼼함, 긍정적, 협력적","오프라인, 온라인"
359,"면접, 헬스, 외국어","남자, 여자","활발함, 스파르타, 차분함","온라인, 오프라인"
360,"축구, 독서, 명상","남자, 여자","긍정적, 신중함, 친목",오프라인
361,"코딩, 다이어트, 프로젝트","여자, 남자","스파르타, 비즈니스, 협력적",온라인
362,"코딩, 자격증, 축구",여자,"친목, 협력적, 차분함",온라인
363,"면접, 영화, 테니스","여자, 남자","차분함, 스파르타, 꼼꼼함","오프라인, 온라인"
364,"코딩, 프로젝트, 독서",여자,"활발함, 긍정적, 꼼꼼함","오프라인, 온라인"
365,"경제, 다이어트, 필라테스",남자,"협력적, 신중함, 스파르타","온라인, 오프라인"
366,"헬스, 명상, 외국어","남자, 여자","비즈니스, 신중함, 협력적",온라인
367,"필라테스, 테니스, 다이어트","남자, 여자","활발함, 차분함, 비즈니스",온라인
368,"축구, 다이어트, 면접","남자, 여자","천천히, 비즈니스, 협력적","온라인, 오프라인"
369,"종교, 면접, 코딩",여자,"긍정적, 스파르타, 친목",온라인
370,"미술, 종교, 영화","남자, 여자","스파르타, 친목, 꼼꼼함",온라인
371,"경제, 음악, 주식","남자, 여자","비즈니스, 협력적, 스파르타",오프라인
372,"경제, 헬스, 축구","남자, 여자","차분함, 천천히, 꼼꼼함",온라인
373,"경제, 주식, 축구",남자,"스파르타, 협력적, 차분함",온라인
374,"독서, 필라테스, 테니스",여자,"활발함, 꼼꼼함, 협력적","오프라인, 온라인"
375,"헬스, 경제, 음악",여자,"천천히, 신중함, 친목",오프라인
376,"다이어트, 자격증, 테니스",남자,"스파르타, 비즈니스, 협력적","오프라인, 온라인"
377,"명상, 미술, 프로젝트",남자,"신중함, 비즈니스, 차분함","온라인, 오프라인"
378,"자격증, 다이어트, 코딩","남자, 여자","비즈니스, 차분함, 꼼꼼함","오프라인, 온라인"
379,"다이어트, 미술, 외국어","남자, 여자","비즈니스, 활발함, 꼼꼼함","오프라인, 온라인"
380,"자격증, 독서, 코딩",여자,"긍정적, 신중함, 스파르타","오프라인, 온라인"
381,"외국어, 주식, 독서","남자, 여자","협력적, 신중함, 차분함","온라인, 오프라인"
382,"축구, 헬스, 미술",여자,"차분함, 꼼꼼함, 스파르타","온라인, 오프라인"
383,"헬스, 다이어트, 테니스",여자,"차분함, 스파르타, 친목","오프라인, 온라인"
384,"미술, 면접, 음악",남자,"꼼꼼함, 신중함, 천천히","온라인, 오프라인"
385,"프로젝트, 종교, 외국어",남자,"친목, 꼼꼼함, 신중함",온라인
386,"명상, 미술, 다이어트","남자, 여자","친목, 비즈니스, 협력적",온라인
387,"축구, 테니스, 미술","남자, 여자","신중함, 스파르타, 천천히","오프라인, 온라인"
388,"미술, 헬스, 식단","남자, 여자","꼼꼼함, 차분함, 협력적","온라인, 오프라인"
389,"다이어트, 음악, 경제","여자, 남자","꼼꼼함, 긍정적, 천천히","온라인, 오프라인"
390,"프로젝트, 명상, 미술",여자,"꼼꼼함, 협력적, 친목",오프라인
391,"영화, 축구, 주식","여자, 남자","긍정적, 협력적, 차분함",오프라인
392,"경제, 테니스, 면접",남자,"꼼꼼함, 친목, 천천히","온라인, 오프라인"
393,"음악, 종교, 주식","남자, 여자","꼼꼼함, 비즈니스, 스파르타","온라인, 오프라인"
394,"식단, 프로젝트, 필라테스","여자, 남자","비즈니스, 활발함, 협력적","온라인, 오프라인"
395,"테니스, 주식, 다이어트",남자,"꼼꼼함, 차분함, 친목","오프라인, 온라인"
396,"다이어트, 테니스, 음악","남자, 여자","협력적, 긍정적, 천천히","온라인, 오프라인"
397,"종교, 축구, 식단","남자, 여자","꼼꼼함, 스파르타, 친목","오프라인, 온라인"
398,"음악, 외국어, 필라테스",남자,"차분함, 긍정적, 신중함","온라인, 오프라인"
399,"면접, 경제, 식단",여자,"친목, 차분함, 협력적",오프라인
400,"면접, 테니스, 프로젝트","여자, 남자","꼼꼼함, 스파르타, 비즈니스","온라인, 오프라인"
401,"미술, 주식, 식단","여자, 남자","차분함, 긍정적, 신중함",온라인
402,"음악, 축구, 미술","남자, 여자","꼼꼼함, 신중함, 긍정적",온라인
403,"프로젝트, 헬스, 음악",여자,"협력적, 천천히, 긍정적",온라인
404,"명상, 축구, 주식","여자, 남자","꼼꼼함, 긍정적, 친목","온라인, 오프라인"
405,"종교, 명상, 자격증","남자, 여자","차분함, 천천히, 협력적",오프라인
406,"독서, 테니스, 종교",남자,"협력적, 신중함, 활발함",오프라인
407,"다이어트, 명상, 프로젝트","여자, 남자","친목, 비즈니스, 신중함","온라인, 오프라인"
408,"헬스, 외국어, 음악","남자, 여자","활발함, 스파르타, 꼼꼼함","오프라인, 온라인"
409,"축구, 음악, 코딩",여자,"꼼꼼함, 천천히, 스파르타","온라인, 오프라인"
410,"헬스, 외국어, 명상",남자,"스파르타, 활발함, 차분함","온라인, 오프라인"
411,"명상, 다이어트, 필라테스","여자, 남자","친목, 협력적, 천천히",오프라인
412,"필라테스, 축구, 미술",남자,"꼼꼼함, 차분함, 천천히",오프라인
413,"명상, 코딩, 테니스","남자, 여자","친목, 스파르타, 천천히","오프라인, 온라인"
414,"경제, 주식, 외국어",남자,"활발함, 협력적, 친목",온라인
415,"다이어트, 축구, 음악",여자,"활발함, 천천히, 신중함",오프라인
416,"자격증, 명상, 다이어트","여자, 남자","긍정적, 협력적, 차분함","온라인, 오프라인"
417,"다이어트, 영화, 종교","여자, 남자","스파르타, 차분함, 친목","온라인, 오프라인"
418,"독서, 식단, 다이어트","남자, 여자","긍정적, 차분함, 스파르타","온라인, 오프라인"
419,"축구, 종교, 프로젝트","여자, 남자","긍정적, 차분함, 신중함",온라인
420,"경제, 외국어, 미술",여자,"스파르타, 친목, 차분함",온라인
421,"프로젝트, 필라테스, 주식",남자,"친목, 차분함, 신중함","온라인, 오프라인"
422,"다이어트, 명상, 프로젝트",남자,"긍정적, 스파르타, 활발함","오프라인, 온라인"
423,"다이어트, 종교, 외국어",남자,"천천히, 친목, 긍정적","오프라인, 온라인"
424,"미술, 코딩, 다이어트",남자,"차분함, 비즈니스, 긍정적",오프라인
425,"필라테스, 자격증, 다이어트","여자, 남자","친목, 신중함, 꼼꼼함","오프라인, 온라인"
426,"면접, 명상, 경제",남자,"친목, 활발함, 스파르타",온라인
427,"코딩, 영화, 다이어트","남자, 여자","신중함, 천천히, 긍정적",오프라인
428,"면접, 영화, 미술","남자, 여자","협력적, 긍정적, 활발함","온라인, 오프라인"
429,"종교, 자격증, 독서",여자,"협력적, 긍정적, 활발함","오프라인, 온라인"
430,"외국어, 프로젝트, 경제","여자, 남자","협력적, 긍정적, 천천히","오프라인, 온라인"
431,"명상, 테니스, 음악","남자, 여자","꼼꼼함, 활발함, 스파르타",오프라인
432,"헬스, 주식, 면접","남자, 여자","신중함, 차분함, 스파르타","오프라인, 온라인"
433,"경제, 명상, 코딩",여자,"스파르타, 신중함, 천천히",온라인
434,"식단, 자격증, 필라테스","남자, 여자","긍정적, 차분함, 꼼꼼함","온라인, 오프라인"
435,"주식, 다이어트, 미술",여자,"활발함, 스파르타, 긍정적","온라인, 오프라인"
436,"주식, 면접, 테니스",여자,"친목, 차분함, 비즈니스",온라인
437,"경제, 축구, 테니스",여자,"차분함, 신중함, 비즈니스","오프라인, 온라인"
438,"종교, 다이어트, 경제","여자, 남자","스파르타, 차분함, 꼼꼼함",오프라인
439,"명상, 영화, 경제",여자,"천천히, 친목, 협력적",온라인
440,"외국어, 축구, 음악",여자,"스파르타, 긍정적, 협력적","오프라인, 온라인"
441,"다이어트, 독서, 명상","남자, 여자","천천히, 친목, 차분함",온라인
442,"면접, 필라테스, 주식",여자,"긍정적, 스파르타, 비즈니스",오프라인
443,"종교, 외국어, 자격증",남자,"비즈니스, 협력적, 신중함","오프라인, 온라인"
444,"필라테스, 프로젝트, 코딩","여자, 남자","비즈니스, 신중함, 활발함","온라인, 오프라인"
445,"테니스, 음악, 외국어","남자, 여자","천천히, 신중함, 비즈니스","오프라인, 온라인"
446,"다이어트, 자격증, 프로젝트","여자, 남자","꼼꼼함, 친목, 활발함","온라인, 오프라인"
447,"축구, 다이어트, 외국어","남자, 여자","친목, 협력적, 꼼꼼함",오프라인
448,"식단, 독서, 경제",여자,"긍정적, 꼼꼼함, 스파르타","온라인, 오프라인"
449,"미술, 자격증, 프로젝트",남자,"긍정적, 친목, 천천히",온라인
450,"명상, 미술, 경제","남자, 여자","협력적, 활발함, 비즈니스",온라인
451,"다이어트, 필라테스, 헬스",여자,"차분함, 긍정적, 천천히",오프라인
452,"미술, 코딩, 영화",여자,"스파르타, 꼼꼼함, 비즈니스",오프라인
453,"영화, 축구, 면접",여자,"신중함, 친목, 협력적",온라인
454,"코딩, 식단, 명상","남자, 여자","친목, 긍정적, 신중함","온라인, 오프라인"
455,"독서, 종교, 면접",여자,"신중함, 협력적, 활발함","온라인, 오프라인"
456,"종교, 테니스, 미술","남자, 여자","비즈니스, 꼼꼼함, 신중함","오프라인, 온라인"
457,"영화, 코딩, 경제",여자,"긍정적, 차분함, 스파르타",온라인
458,"미술, 테니스, 주식",여자,"비즈니스, 스파르타, 활발함",온라인
459,"필라테스, 테니스, 식단","여자, 남자","비즈니스, 협력적, 긍정적",온라인
460,"독서, 영화, 필라테스","남자, 여자","스파르타, 꼼꼼함, 차분함","온라인, 오프라인"
461,"코딩, 독서, 미술",남자,"활발함, 긍정적, 꼼꼼함",오프라인
462,"영화, 음악, 테니스","남자, 여자","활발함, 협력적, 꼼꼼함",온라인
463,"경제, 축구, 주식","여자, 남자","친목, 스파르타, 신중함","오프라인, 온라인"
464,"경제, 코딩, 면접","여자, 남자","꼼꼼함, 비즈니스, 스파르타",온라인
465,"미술, 식단, 명상","여자, 남자","협력적, 친목, 천천히",오프라인
466,"면접, 독서, 영화","남자, 여자","꼼꼼함, 친목, 긍정적",온라인
467,"경제, 독서, 테니스",여자,"차분함, 천천히, 친목",온라인
468,"축구, 자격증, 면접","여자, 남자","차분함, 긍정적, 스파르타",온라인
469,"필라테스, 종교, 음악","남자, 여자","긍정적, 활발함, 스파르타",온라인
470,"테니스, 외국어, 헬스",여자,"꼼꼼함, 활발함, 차분함","온라인, 오프라인"
471,"헬스, 명상, 다이어트","여자, 남자","차분함, 스파르타, 활발함","오프라인, 온라인"
472,"외국어, 음악, 프로젝트","여자, 남자","신중함, 긍정적, 비즈니스","오프라인, 온라인"
473,"영화, 코딩, 명상",남자,"긍정적, 신중함, 꼼꼼함","온라인, 오프라인"
474,"코딩, 외국어, 경제","남자, 여자","비즈니스, 천천히, 꼼꼼함",온라인
475,"경제, 축구, 독서","남자, 여자","친목, 협력적, 차분함",오프라인
476,"종교, 다이어트, 자격증","여자, 남자","천천히, 신중함, 친목",온라인
477,"외국어, 축구, 프로젝트","남자, 여자","차분함, 비즈니스, 신중함","온라인, 오프라인"
478,"외국어, 미술, 프로젝트",남자,"긍정적, 천천히, 친목",오프라인
479,"주식, 축구, 헬스","여자, 남자","천천히, 긍정적, 차분함",온라인
480,"경제, 테니스, 영화","남자, 여자","협력적, 차분함, 활발함","온라인, 오프라인"
481,"경제, 외국어, 명상","남자, 여자","스파르타, 차분함, 비즈니스","오프라인, 온라인"
482,"테니스, 자격증, 명상",여자,"차분함, 신중함, 스파르타",온라인
483,"음악, 다이어트, 헬스","여자, 남자","스파르타, 친목, 긍정적","오프라인, 온라인"
484,"경제, 영화, 코딩","남자, 여자","스파르타, 차분함, 꼼꼼함",온라인
485,"식단, 미술, 외국어",남자,"차분함, 꼼꼼함, 신중함","오프라인, 온라인"
486,"자격증, 필라테스, 외국어","여자, 남자","신중함, 비즈니스, 긍정적",온라인
487,"독서, 영화, 축구",남자,"스파르타, 긍정적, 친목","오프라인, 온라인"
488,"자격증, 테니스, 면접","남자, 여자","협력적, 긍정적, 친목","오프라인, 온라인"
489,"면접, 헬스, 코딩","남자, 여자","긍정적, 협력적, 친목","온라인, 오프라인"
490,"필라테스, 종교, 명상","남자, 여자","긍정적, 꼼꼼함, 스파르타","오프라인, 온라인"
491,"면접, 경제, 다이어트","남자, 여자","비즈니스, 친목, 활발함","오프라인, 온라인"
492,"음악, 헬스, 미술","여자, 남자","비즈니스, 협력적, 긍정적","온라인, 오프라인"
493,"외국어, 헬스, 미술",남자,"긍정적, 신중함, 천천히","오프라인, 온라인"
494,"명상, 외국어, 자격증",남자,"협력적, 차분함, 비즈니스",오프라인
495,"명상, 자격증, 경제",여자,"비즈니스, 꼼꼼함, 신중함","온라인, 오프라인"
496,"음악, 코딩, 독서","남자, 여자","비즈니스, 차분함, 신중함",온라인
497,"미술, 음악, 헬스","남자, 여자","비즈니스, 천천히, 꼼꼼함","오프라인, 온라인"
498,"주식, 헬스, 명상",여자,"스파르타, 꼼꼼함, 차분함",오프라인
499,"면접, 다이어트, 미술",여자,"신중함, 친목, 천천히","온라인, 오프라인"
500,"헬스, 코딩, 테니스","여자, 남자","신중함, 협력적, 긍정적",온라인
501,"외국어, 미술, 다이어트",여자,"차분함, 천천히, 협력적",오프라인
502,"경제, 종교, 외국어","남자, 여자","천천히, 신중함, 스파르타",오프라인
503,"주식, 헬스, 경제",남자,"비즈니스, 신중함, 긍정적","오프라인, 온라인"
504,"경제, 명상, 필라테스",남자,"천천히, 신중함, 협력적",온라인
505,"명상, 자격증, 주식","남자, 여자","스파르타, 천천히, 친목",오프라인
506,"축구, 미술, 헬스","남자, 여자","비즈니스, 신중함, 긍정적","오프라인, 온라인"
507,"미술, 면접, 코딩","남자, 여자","협력적, 긍정적, 친목",오프라인
508,"종교, 경제, 자격증","여자, 남자","친목, 차분함, 협력적","온라인, 오프라인"
509,"다이어트, 필라테스, 주식",남자,"긍정적, 꼼꼼함, 신중함",온라인
510,"미술, 주식, 다이어트",여자,"비즈니스, 협력적, 친목","온라인, 오프라인"
511,"식단, 외국어, 코딩","남자, 여자","신중함, 친목, 천천히",오프라인
512,"주식, 필라테스, 경제",남자,"긍정적, 꼼꼼함, 비즈니스","온라인, 오프라인"
513,"테니스, 축구, 면접","여자, 남자","신중함, 친목, 천천히","오프라인, 온라인"
514,"축구, 필라테스, 자격증",남자,"천천히, 활발함, 꼼꼼함",오프라인
515,"필라테스, 다이어트, 경제",여자,"활발함, 차분함, 비즈니스",오프라인
516,"명상, 코딩, 주식","여자, 남자","비즈니스, 친목, 신중함","오프라인, 온라인"
517,"면접, 다이어트, 필라테스","여자, 남자","긍정적, 협력적, 천천히","온라인, 오프라인"
518,"필라테스, 프로젝트, 주식","남자, 여자","신중함, 차분함, 협력적","온라인, 오프라인"
519,"외국어, 미술, 헬스","남자, 여자","꼼꼼함, 긍정적, 친목",오프라인
520,"종교, 음악, 테니스",남자,"협력적, 활발함, 비즈니스","온라인, 오프라인"
521,"헬스, 필라테스, 종교","여자, 남자","꼼꼼함, 차분함, 천천히",오프라인
522,"필라테스, 음악, 주식",남자,"꼼꼼함, 비즈니스, 신중함","온라인, 오프라인"
523,"주식, 독서, 외국어",여자,"친목, 차분함, 꼼꼼함","오프라인, 온라인"
524,"헬스, 주식, 다이어트","여자, 남자","협력적, 천천히, 꼼꼼함","오프라인, 온라인"
525,"종교, 헬스, 영화","여자, 남자","신중함, 비즈니스, 긍정적","오프라인, 온라인"
526,"음악, 영화, 다이어트",여자,"천천히, 스파르타, 신중함","온라인, 오프라인"
527,"필라테스, 다이어트, 경제","남자, 여자","비즈니스, 신중함, 활발함","온라인, 오프라인"
528,"헬스, 음악, 자격증","남자, 여자","차분함, 긍정적, 꼼꼼함",온라인
529,"식단, 면접, 종교","여자, 남자","천천히, 꼼꼼함, 협력적",온라인
530,"필라테스, 면접, 코딩","여자, 남자","비즈니스, 친목, 꼼꼼함","온라인, 오프라인"
531,"종교, 주식, 자격증",여자,"신중함, 협력적, 친목",온라인
532,"자격증, 필라테스, 경제",남자,"긍정적, 꼼꼼함, 천천히",오프라인
533,"코딩, 테니스, 다이어트","남자, 여자","활발함, 긍정적, 꼼꼼함",오프라인
534,"외국어, 미술, 코딩",여자,"천천히, 차분함, 활발함","오프라인, 온라인"
535,"면접, 테니스, 명상",여자,"비즈니스, 스파르타, 협력적",오프라인
536,"경제, 영화, 헬스","여자, 남자","차분함, 천천히, 신중함",온라인
537,"주식, 경제, 헬스","여자, 남자","스파르타, 꼼꼼함, 차분함","온라인, 오프라인"
538,"축구, 음악, 미술","남자, 여자","비즈니스, 친목, 꼼꼼함","오프라인, 온라인"
539,"주식, 자격증, 다이어트","여자, 남자","긍정적, 협력적, 천천히",오프라인
540,"식단, 코딩, 주식",여자,"차분함, 활발함, 천천히",온라인
541,"외국어, 종교, 축구","여자, 남자","활발함, 차분함, 친목",오프라인
542,"경제, 다이어트, 주식",남자,"꼼꼼함, 긍정적, 신중함",오프라인
543,"다이어트, 영화, 종교","남자, 여자","친목, 천천히, 스파르타",오프라인
544,"다이어트, 독서, 미술",남자,"긍정적, 협력적, 차분함","온라인, 오프라인"
545,"경제, 식단, 필라테스",남자,"신중함, 차분함, 천천히","온라인, 오프라인"
546,"헬스, 필라테스, 축구",여자,"비즈니스, 협력적, 활발함","오프라인, 온라인"
547,"종교, 식단, 다이어트","남자, 여자","꼼꼼함, 비즈니스, 협력적",오프라인
548,"면접, 코딩, 헬스","남자, 여자","스파르타, 천천히, 협력적","온라인, 오프라인"
549,"프로젝트, 주식, 면접","여자, 남자","비즈니스, 협력적, 친목","오프라인, 온라인"
550,"음악, 필라테스, 영화","여자, 남자","협력적, 활발함, 비즈니스",오프라인
551,"다이어트, 독서, 경제","여자, 남자","긍정적, 차분함, 꼼꼼함","오프라인, 온라인"
552,"외국어, 프로젝트, 독서","여자, 남자","비즈니스, 꼼꼼함, 활발함","오프라인, 온라인"
553,"면접, 미술, 종교",여자,"꼼꼼함, 신중함, 차분함","온라인, 오프라인"
554,"테니스, 음악, 다이어트","여자, 남자","신중함, 차분함, 긍정적","오프라인, 온라인"
555,"프로젝트, 축구, 경제","남자, 여자","꼼꼼함, 활발함, 신중함",온라인
556,"독서, 헬스, 음악","남자, 여자","천천히, 차분함, 스파르타","오프라인, 온라인"
557,"프로젝트, 테니스, 외국어",여자,"꼼꼼함, 신중함, 활발함","온라인, 오프라인"
558,"헬스, 자격증, 외국어",남자,"천천히, 활발함, 차분함",온라인
559,"주식, 종교, 독서","여자, 남자","협력적, 천천히, 친목","오프라인, 온라인"
560,"독서, 식단, 코딩",남자,"스파르타, 차분함, 친목",오프라인
561,"자격증, 식단, 미술",여자,"신중함, 차분함, 친목",온라인
562,"경제, 코딩, 헬스","남자, 여자","긍정적, 협력적, 스파르타","온라인, 오프라인"
563,"독서, 다이어트, 영화",남자,"꼼꼼함, 비즈니스, 협력적",오프라인
564,"프로젝트, 종교, 헬스",남자,"신중함, 꼼꼼함, 비즈니스","온라인, 오프라인"
565,"필라테스, 주식, 테니스","남자, 여자","긍정적, 활발함, 협력적","오프라인, 온라인"
566,"미술, 다이어트, 종교","여자, 남자","긍정적, 차분함, 스파르타",온라인
567,"식단, 영화, 음악",남자,"차분함, 천천히, 활발함",오프라인
568,"면접, 축구, 필라테스",남자,"스파르타, 천천히, 비즈니스",온라인
569,"필라테스, 명상, 자격증","남자, 여자","활발함, 꼼꼼함, 신중함","온라인, 오프라인"
570,"영화, 독서, 프로젝트","남자, 여자","활발함, 스파르타, 협력적","오프라인, 온라인"
571,"축구, 테니스, 코딩",여자,"협력적, 차분함, 비즈니스",오프라인
572,"필라테스, 프로젝트, 영화","여자, 남자","긍정적, 차분함, 비즈니스","오프라인, 온라인"
573,"독서, 주식, 식단",남자,"꼼꼼함, 긍정적, 친목","오프라인, 온라인"
574,"다이어트, 헬스, 미술",여자,"활발함, 차분함, 천천히","온라인, 오프라인"
575,"명상, 주식, 프로젝트",남자,"스파르타, 꼼꼼함, 신중함","온라인, 오프라인"
576,"프로젝트, 축구, 헬스",여자,"긍정적, 신중함, 스파르타","온라인, 오프라인"
577,"축구, 음악, 다이어트",남자,"비즈니스, 긍정적, 차분함","온라인, 오프라인"
578,"명상, 면접, 주식","남자, 여자","차분함, 협력적, 긍정적","오프라인, 온라인"
579,"미술, 코딩, 다이어트","여자, 남자","활발함, 천천히, 꼼꼼함",오프라인
580,"면접, 외국어, 독서",여자,"비즈니스, 차분함, 천천히","온라인, 오프라인"
581,"독서, 음악, 면접",여자,"협력적, 신중함, 긍정적",오프라인
582,"종교, 테니스, 코딩","여자, 남자","활발함, 비즈니스, 친목",온라인
583,"독서, 음악, 코딩","여자, 남자","비즈니스, 신중함, 스파르타","오프라인, 온라인"
584,"독서, 음악, 코딩",남자,"꼼꼼함, 협력적, 신중함","온라인, 오프라인"
585,"미술, 식단, 독서","여자, 남자","신중함, 협력적, 차분함",온라인
586,"경제, 코딩, 종교",남자,"활발함, 천천히, 스파르타","온라인, 오프라인"
587,"독서, 축구, 영화","남자, 여자","스파르타, 긍정적, 신중함","온라인, 오프라인"
588,"축구, 종교, 면접","남자, 여자","신중함, 친목, 긍정적",오프라인
589,"경제, 프로젝트, 축구",남자,"신중함, 차분함, 친목","오프라인, 온라인"
590,"외국어, 테니스, 면접",여자,"친목, 활발함, 차분함","온라인, 오프라인"
591,"프로젝트, 종교, 헬스","여자, 남자","긍정적, 협력적, 비즈니스",온라인
592,"독서, 미술, 명상","여자, 남자","비즈니스, 스파르타, 협력적",오프라인
593,"축구, 외국어, 헬스",남자,"활발함, 신중함, 협력적","오프라인, 온라인"
594,"경제, 영화, 명상","남자, 여자","꼼꼼함, 비즈니스, 협력적",온라인
595,"미술, 종교, 축구",남자,"활발함, 차분함, 비즈니스",온라인
596,"미술, 프로젝트, 종교","여자, 남자","비즈니스, 신중함, 긍정적",오프라인
597,"경제, 면접, 다이어트",남자,"활발함, 비즈니스, 긍정적",온라인
598,"면접, 필라테스, 명상","여자, 남자","협력적, 천천히, 차분함",온라인
599,"경제, 미술, 음악","남자, 여자","신중함, 차분함, 긍정적","온라인, 오프라인"
600,"음악, 식단, 필라테스","여자, 남자","활발함, 차분함, 천천히",온라인
601,"식단, 다이어트, 외국어",여자,"긍정적, 협력적, 신중함","오프라인, 온라인"
602,"주식, 축구, 자격증",남자,"차분함, 친목, 긍정적","오프라인, 온라인"
603,"면접, 음악, 종교","여자, 남자","꼼꼼함, 협력적, 활발함",온라인
604,"프로젝트, 명상, 헬스",여자,"친목, 스파르타, 긍정적","온라인, 오프라인"
605,"테니스, 코딩, 종교",남자,"협력적, 스파르타, 천천히",온라인
606,"프로젝트, 식단, 주식",남자,"천천히, 친목, 긍정적","온라인, 오프라인"
607,"식단, 주식, 헬스",남자,"차분함, 천천히, 신중함","오프라인, 온라인"
608,"필라테스, 경제, 미술",여자,"차분함, 꼼꼼함, 협력적",오프라인
609,"축구, 종교, 외국어","남자, 여자","긍정적, 꼼꼼함, 협력적","오프라인, 온라인"
610,"명상, 헬스, 미술",여자,"긍정적, 스파르타, 비즈니스",온라인
611,"영화, 프로젝트, 미술","여자, 남자","신중함, 비즈니스, 협력적","오프라인, 온라인"
612,"종교, 미술, 식단",남자,"신중함, 차분함, 친목",오프라인
613,"경제, 자격증, 축구",남자,"신중함, 활발함, 긍정적",오프라인
614,"명상, 테니스, 면접",남자,"협력적, 활발함, 천천히","온라인, 오프라인"
615,"음악, 종교, 주식","여자, 남자","활발함, 협력적, 차분함","온라인, 오프라인"
616,"면접, 미술, 독서",여자,"스파르타, 활발함, 천천히","온라인, 오프라인"
617,"영화, 프로젝트, 테니스",남자,"긍정적, 활발함, 친목",오프라인
618,"음악, 자격증, 테니스",남자,"비즈니스, 긍정적, 스파르타",온라인
619,"다이어트, 명상, 독서",여자,"활발함, 꼼꼼함, 차분함",온라인
620,"코딩, 미술, 경제","남자, 여자","신중함, 차분함, 활발함","온라인, 오프라인"
621,"다이어트, 프로젝트, 코딩",여자,"꼼꼼함, 천천히, 친목",온라인
622,"외국어, 필라테스, 명상",여자,"친목, 활발함, 차분함",온라인
623,"경제, 코딩, 주식","남자, 여자","꼼꼼함, 차분함, 친목","온라인, 오프라인"
624,"종교, 필라테스, 주식","남자, 여자","꼼꼼함, 차분함, 협력적","온라인, 오프라인"
625,"면접, 코딩, 축구","남자, 여자","긍정적, 신중함, 스파르타","온라인, 오프라인"
626,"자격증, 영화, 음악","남자, 여자","천천히, 활발함, 협력적","온라인, 오프라인"
627,"종교, 경제, 코딩",남자,"친목, 활발함, 꼼꼼함",오프라인
628,"코딩, 테니스, 명상",여자,"긍정적, 천천히, 차분함","온라인, 오프라인"
629,"명상, 음악, 면접","여자, 남자","협력적, 친목, 천천히",온라인
630,"독서, 외국어, 헬스",여자,"활발함, 친목, 천천히","온라인, 오프라인"
631,"테니스, 경제, 축구","남자, 여자","긍정적, 꼼꼼함, 비즈니스",온라인
632,"코딩, 음악, 종교","여자, 남자","차분함, 긍정적, 스파르타","오프라인, 온라인"
633,"명상, 코딩, 면접","여자, 남자","친목, 협력적, 스파르타","오프라인, 온라인"
634,"종교, 헬스, 프로젝트",여자,"협력적, 신중함, 차분함","온라인, 오프라인"
635,"주식, 면접, 명상","남자, 여자","스파르타, 꼼꼼함, 긍정적",온라인
636,"종교, 명상, 코딩",여자,"비즈니스, 친목, 차분함","온라인, 오프라인"
637,"다이어트, 헬스, 종교","남자, 여자","친목, 협력적, 신중함",온라인
638,"코딩, 주식, 미술","여자, 남자","활발함, 협력적, 친목","온라인, 오프라인"
639,"영화, 종교, 자격증","남자, 여자","꼼꼼함, 친목, 차분함","오프라인, 온라인"
640,"테니스, 다이어트, 헬스",여자,"활발함, 차분함, 꼼꼼함","온라인, 오프라인"
641,"주식, 프로젝트, 음악",여자,"친목, 천천히, 차분함","온라인, 오프라인"
642,"자격증, 주식, 미술","여자, 남자","활발함, 차분함, 친목",온라인
643,"명상, 주식, 종교","남자, 여자","차분함, 천천히, 긍정적","온라인, 오프라인"
644,"헬스, 영화, 테니스",여자,"꼼꼼함, 비즈니스, 긍정적",오프라인
645,"테니스, 면접, 영화",여자,"협력적, 활발함, 신중함","오프라인, 온라인"
646,"주식, 테니스, 영화","남자, 여자","활발함, 천천히, 친목",온라인
647,"필라테스, 경제, 헬스",여자,"활발함, 스파르타, 비즈니스",온라인
648,"종교, 축구, 음악",여자,"긍정적, 꼼꼼함, 친목","오프라인, 온라인"
649,"다이어트, 영화, 필라테스","여자, 남자","꼼꼼함, 천천히, 긍정적","오프라인, 온라인"
650,"영화, 필라테스, 코딩","남자, 여자","비즈니스, 차분함, 친목",온라인
651,"영화, 외국어, 필라테스",여자,"꼼꼼함, 스파르타, 친목","오프라인, 온라인"
652,"프로젝트, 테니스, 외국어","남자, 여자","친목, 협력적, 꼼꼼함","온라인, 오프라인"
653,"주식, 프로젝트, 영화",남자,"친목, 활발함, 비즈니스","온라인, 오프라인"
654,"경제, 식단, 미술",남자,"꼼꼼함, 신중함, 비즈니스","온라인, 오프라인"
655,"자격증, 종교, 미술","여자, 남자","친목, 스파르타, 천천히",오프라인
656,"독서, 식단, 영화","여자, 남자","친목, 천천히, 협력적","오프라인, 온라인"
657,"미술, 코딩, 다이어트","남자, 여자","활발함, 비즈니스, 스파르타","오프라인, 온라인"
658,"헬스, 필라테스, 식단",남자,"천천히, 스파르타, 꼼꼼함","오프라인, 온라인"
659,"축구, 영화, 음악","여자, 남자","비즈니스, 차분함, 스파르타","오프라인, 온라인"
660,"음악, 축구, 면접","여자, 남자","비즈니스, 신중함, 긍정적",오프라인
661,"필라테스, 음악, 프로젝트","남자, 여자","천천히, 스파르타, 긍정적","온라인, 오프라인"
662,"미술, 외국어, 영화",남자,"꼼꼼함, 스파르타, 긍정적",오프라인
663,"독서, 음악, 주식","남자, 여자","친목, 천천히, 긍정적","오프라인, 온라인"
664,"주식, 축구, 식단",여자,"스파르타, 차분함, 신중함",오프라인
665,"음악, 외국어, 미술",남자,"차분함, 신중함, 긍정적",오프라인
666,"종교, 주식, 명상","남자, 여자","활발함, 스파르타, 천천히","오프라인, 온라인"
667,"종교, 명상, 미술","남자, 여자","꼼꼼함, 스파르타, 비즈니스",오프라인
668,"자격증, 축구, 테니스",여자,"꼼꼼함, 친목, 협력적","오프라인, 온라인"
669,"축구, 경제, 필라테스",여자,"긍정적, 활발함, 차분함","오프라인, 온라인"
670,"주식, 명상, 필라테스","여자, 남자","스파르타, 차분함, 긍정적",오프라인
671,"주식, 프로젝트, 종교","남자, 여자","스파르타, 비즈니스, 천천히","오프라인, 온라인"
672,"경제, 영화, 외국어","남자, 여자","천천히, 친목, 비즈니스",오프라인
673,"음악, 필라테스, 다이어트","남자, 여자","비즈니스, 신중함, 스파르타",오프라인
674,"다이어트, 코딩, 면접","여자, 남자","스파르타, 차분함, 협력적","오프라인, 온라인"
675,"헬스, 식단, 주식",남자,"차분함, 천천히, 꼼꼼함",오프라인
676,"헬스, 독서, 미술",남자,"긍정적, 스파르타, 친목","오프라인, 온라인"
677,"면접, 다이어트, 필라테스",여자,"비즈니스, 천천히, 활발함","온라인, 오프라인"
678,"영화, 자격증, 식단","여자, 남자","신중함, 천천히, 비즈니스",온라인
679,"프로젝트, 면접, 명상",여자,"활발함, 비즈니스, 차분함",오프라인
680,"면접, 명상, 프로젝트","남자, 여자","활발함, 긍정적, 신중함",오프라인
681,"테니스, 면접, 코딩","여자, 남자","천천히, 긍정적, 차분함",오프라인
682,"영화, 주식, 축구","여자, 남자","활발함, 천천히, 긍정적",온라인
683,"영화, 면접, 다이어트","여자, 남자","천천히, 차분함, 협력적","오프라인, 온라인"
684,"음악, 코딩, 외국어",남자,"신중함, 차분함, 천천히",오프라인
685,"헬스, 종교, 외국어","남자, 여자","협력적, 신중함, 긍정적",오프라인
686,"외국어, 식단, 다이어트","남자, 여자","차분함, 활발함, 친목",온라인
687,"독서, 자격증, 다이어트",여자,"신중함, 긍정적, 비즈니스",오프라인
688,"자격증, 축구, 영화",여자,"친목, 긍정적, 스파르타",온라인
689,"헬스, 자격증, 영화",여자,"활발함, 꼼꼼함, 친목",오프라인
690,"헬스, 미술, 음악",남자,"신중함, 친목, 협력적","온라인, 오프라인"
691,"테니스, 자격증, 종교","여자, 남자","차분함, 비즈니스, 활발함",온라인
692,"축구, 다이어트, 면접",여자,"긍정적, 꼼꼼함, 스파르타","오프라인, 온라인"
693,"프로젝트, 미술, 헬스","여자, 남자","스파르타, 친목, 비즈니스","오프라인, 온라인"
694,"독서, 경제, 주식","여자, 남자","꼼꼼함, 천천히, 신중함",온라인
695,"음악, 자격증, 외국어",남자,"차분함, 활발함, 꼼꼼함","온라인, 오프라인"
696,"자격증, 코딩, 미술","남자, 여자","친목, 차분함, 활발함","오프라인, 온라인"
697,"음악, 축구, 필라테스","여자, 남자","긍정적, 꼼꼼함, 친목",온라인
698,"코딩, 독서, 헬스","남자, 여자","꼼꼼함, 긍정적, 협력적","오프라인, 온라인"
699,"명상, 코딩, 테니스","여자, 남자","스파르타, 긍정적, 차분함","온라인, 오프라인"
700,"명상, 종교, 코딩","남자, 여자","긍정적, 스파르타, 신중함","온라인, 오프라인"
701,"주식, 면접, 종교",여자,"협력적, 비즈니스, 친목",온라인
702,"면접, 다이어트, 코딩","여자, 남자","친목, 협력적, 천천히","오프라인, 온라인"
703,"식단, 코딩, 주식","여자, 남자","천천히, 스파르타, 친목",오프라인
704,"경제, 영화, 주식",남자,"신중함, 꼼꼼함, 긍정적",온라인
705,"자격증, 코딩, 외국어",남자,"스파르타, 협력적, 활발함",온라인
706,"테니스, 외국어, 경제",여자,"스파르타, 비즈니스, 천천히",온라인
707,"주식, 축구, 자격증","여자, 남자","차분함, 천천히, 스파르타",오프라인
708,"자격증, 축구, 다이어트",여자,"활발함, 차분함, 천천히","오프라인, 온라인"
709,"주식, 명상, 자격증","여자, 남자","차분함, 긍정적, 천천히","온라인, 오프라인"
710,"영화, 음악, 테니스",여자,"긍정적, 신중함, 비즈니스","온라인, 오프라인"
711,"식단, 자격증, 프로젝트","여자, 남자","비즈니스, 협력적, 천천히","오프라인, 온라인"
712,"다이어트, 영화, 독서","여자, 남자","활발함, 천천히, 비즈니스","온라인, 오프라인"
713,"자격증, 다이어트, 독서","남자, 여자","꼼꼼함, 비즈니스, 스파르타","온라인, 오프라인"
714,"미술, 영화, 외국어",남자,"천천히, 스파르타, 친목",오프라인
715,"필라테스, 다이어트, 주식","남자, 여자","꼼꼼함, 신중함, 협력적",온라인
716,"종교, 코딩, 면접",남자,"천천히, 꼼꼼함, 스파르타","오프라인, 온라인"
717,"외국어, 식단, 자격증",여자,"협력적, 비즈니스, 신중함",오프라인
718,"테니스, 헬스, 영화",여자,"신중함, 친목, 협력적",오프라인
719,"프로젝트, 식단, 음악","여자, 남자","친목, 스파르타, 차분함","온라인, 오프라인"
720,"종교, 주식, 자격증","여자, 남자","차분함, 비즈니스, 친목",오프라인
721,"독서, 음악, 헬스",남자,"친목, 꼼꼼함, 신중함",오프라인
722,"코딩, 면접, 영화",여자,"긍정적, 신중함, 비즈니스","오프라인, 온라인"
723,"축구, 다이어트, 음악","남자, 여자","활발함, 꼼꼼함, 신중함",오프라인
724,"외국어, 프로젝트, 명상",남자,"꼼꼼함, 스파르타, 차분함",오프라인
725,"필라테스, 음악, 외국어",여자,"꼼꼼함, 비즈니스, 친목","오프라인, 온라인"
726,"독서, 음악, 종교",여자,"활발함, 차분함, 꼼꼼함",오프라인
727,"명상, 식단, 음악","여자, 남자","천천히, 긍정적, 차분함","오프라인, 온라인"
728,"외국어, 자격증, 면접",여자,"친목, 천천히, 긍정적","오프라인, 온라인"
729,"필라테스, 테니스, 자격증",여자,"신중함, 협력적, 꼼꼼함","오프라인, 온라인"
730,"자격증, 프로젝트, 영화",여자,"신중함, 긍정적, 스파르타",온라인
731,"코딩, 주식, 자격증","여자, 남자","긍정적, 활발함, 비즈니스","오프라인, 온라인"
732,"식단, 필라테스, 다이어트","남자, 여자","차분함, 신중함, 비즈니스","온라인, 오프라인"
733,"독서, 명상, 종교","여자, 남자","친목, 차분함, 스파르타","온라인, 오프라인"
734,"경제, 독서, 필라테스",남자,"신중함, 차분함, 긍정적","온라인, 오프라인"
735,"축구, 코딩, 미술",남자,"비즈니스, 신중함, 활발함","오프라인, 온라인"
736,"헬스, 코딩, 자격증",남자,"스파르타, 천천히, 꼼꼼함","오프라인, 온라인"
737,"경제, 코딩, 축구",여자,"협력적, 스파르타, 천천히","온라인, 오프라인"
738,"식단, 프로젝트, 다이어트",여자,"친목, 협력적, 신중함",온라인
739,"경제, 음악, 프로젝트","남자, 여자","비즈니스, 꼼꼼함, 차분함",온라인
740,"식단, 면접, 프로젝트",여자,"활발함, 협력적, 긍정적",온라인
741,"경제, 미술, 종교",여자,"꼼꼼함, 친목, 긍정적",오프라인
742,"미술, 명상, 필라테스",여자,"스파르타, 활발함, 협력적","오프라인, 온라인"
743,"경제, 코딩, 다이어트",남자,"차분함, 긍정적, 스파르타",오프라인
744,"테니스, 영화, 축구",남자,"긍정적, 비즈니스, 차분함","오프라인, 온라인"
745,"자격증, 식단, 축구","여자, 남자","신중함, 친목, 꼼꼼함","온라인, 오프라인"
746,"독서, 미술, 코딩",남자,"협력적, 스파르타, 활발함","온라인, 오프라인"
747,"음악, 독서, 미술","남자, 여자","스파르타, 비즈니스, 신중함",온라인
748,"면접, 미술, 테니스","남자, 여자","활발함, 친목, 신중함",오프라인
749,"필라테스, 면접, 테니스","여자, 남자","스파르타, 천천히, 꼼꼼함",온라인
750,"다이어트, 경제, 테니스","여자, 남자","비즈니스, 협력적, 활발함","오프라인, 온라인"
751,"경제, 자격증, 명상","남자, 여자","스파르타, 비즈니스, 천천히","온라인, 오프라인"
752,"식단, 음악, 종교",여자,"긍정적, 활발함, 신중함","오프라인, 온라인"
753,"필라테스, 테니스, 명상",남자,"협력적, 비즈니스, 차분함","오프라인, 온라인"
754,"종교, 음악, 미술","남자, 여자","신중함, 차분함, 친목",오프라인
755,"필라테스, 면접, 프로젝트",남자,"활발함, 신중함, 긍정적","온라인, 오프라인"
756,"외국어, 음악, 미술",남자,"꼼꼼함, 천천히, 스파르타",오프라인
757,"미술, 음악, 테니스","여자, 남자","스파르타, 긍정적, 신중함",오프라인
758,"필라테스, 명상, 자격증",남자,"활발함, 친목, 스파르타",온라인
759,"축구, 면접, 명상","남자, 여자","차분함, 긍정적, 활발함","온라인, 오프라인"
760,"다이어트, 식단, 프로젝트","여자, 남자","스파르타, 차분함, 협력적","온라인, 오프라인"
761,"축구, 코딩, 주식","남자, 여자","꼼꼼함, 차분함, 활발함",온라인
762,"미술, 필라테스, 테니스","여자, 남자","활발함, 협력적, 천천히",오프라인
763,"영화, 미술, 식단",여자,"꼼꼼함, 스파르타, 신중함",온라인
764,"명상, 음악, 면접",남자,"비즈니스, 신중함, 스파르타","오프라인, 온라인"
765,"경제, 프로젝트, 명상","남자, 여자","협력적, 신중함, 긍정적",오프라인
766,"다이어트, 면접, 영화",여자,"긍정적, 스파르타, 친목","오프라인, 온라인"
767,"영화, 다이어트, 식단",남자,"신중함, 긍정적, 천천히","온라인, 오프라인"
768,"면접, 식단, 자격증",여자,"활발함, 비즈니스, 긍정적",온라인
769,"영화, 면접, 헬스",남자,"협력적, 비즈니스, 차분함","온라인, 오프라인"
770,"프로젝트, 식단, 축구",여자,"스파르타, 활발함, 친목",온라인
771,"경제, 명상, 헬스",여자,"긍정적, 스파르타, 천천히",온라인
772,"자격증, 독서, 주식",여자,"차분함, 꼼꼼함, 신중함",온라인
773,"테니스, 명상, 영화",남자,"비즈니스, 활발함, 스파르타","온라인, 오프라인"
774,"다이어트, 필라테스, 독서","여자, 남자","긍정적, 차분함, 신중함",온라인
775,"미술, 테니스, 자격증",남자,"차분함, 비즈니스, 꼼꼼함",온라인
776,"주식, 다이어트, 명상","남자, 여자","꼼꼼함, 천천히, 협력적","오프라인, 온라인"
777,"헬스, 테니스, 코딩",여자,"긍정적, 협력적, 친목","온라인, 오프라인"
778,"프로젝트, 주식, 테니스",남자,"친목, 협력적, 비즈니스",온라인
779,"프로젝트, 축구, 명상","여자, 남자","꼼꼼함, 차분함, 비즈니스",온라인
780,"주식, 음악, 다이어트","남자, 여자","차분함, 활발함, 꼼꼼함",온라인
781,"테니스, 외국어, 주식","남자, 여자","스파르타, 협력적, 신중함","온라인, 오프라인"
782,"자격증, 코딩, 다이어트",여자,"친목, 긍정적, 차분함","오프라인, 온라인"
783,"경제, 테니스, 독서","남자, 여자","친목, 비즈니스, 긍정적","오프라인, 온라인"
784,"코딩, 필라테스, 독서",여자,"활발함, 차분함, 협력적","오프라인, 온라인"
785,"프로젝트, 미술, 종교","남자, 여자","활발함, 천천히, 친목","온라인, 오프라인"
786,"영화, 명상, 프로젝트",여자,"협력적, 스파르타, 비즈니스","온라인, 오프라인"
787,"주식, 외국어, 테니스",남자,"친목, 신중함, 꼼꼼함","온라인, 오프라인"
788,"자격증, 다이어트, 프로젝트","남자, 여자","친목, 신중함, 활발함","오프라인, 온라인"
789,"테니스, 경제, 미술","남자, 여자","협력적, 신중함, 꼼꼼함","오프라인, 온라인"
790,"필라테스, 헬스, 음악",여자,"활발함, 신중함, 비즈니스",온라인
791,"필라테스, 주식, 식단","여자, 남자","차분함, 친목, 스파르타","온라인, 오프라인"
792,"독서, 주식, 미술","남자, 여자","차분함, 긍정적, 스파르타",오프라인
793,"면접, 독서, 테니스","남자, 여자","비즈니스, 신중함, 활발함","온라인, 오프라인"
794,"독서, 필라테스, 외국어","여자, 남자","협력적, 꼼꼼함, 차분함","오프라인, 온라인"
795,"필라테스, 경제, 명상","여자, 남자","긍정적, 협력적, 비즈니스",온라인
796,"면접, 축구, 프로젝트","남자, 여자","친목, 신중함, 스파르타",오프라인
797,"미술, 필라테스, 독서",여자,"비즈니스, 긍정적, 협력적","온라인, 오프라인"
798,"주식, 독서, 헬스",여자,"스파르타, 꼼꼼함, 친목","오프라인, 온라인"
799,"자격증, 프로젝트, 경제",남자,"긍정적, 협력적, 비즈니스",온라인
800,"독서, 주식, 종교","여자, 남자","꼼꼼함, 천천히, 차분함",온라인
801,"음악, 헬스, 영화","여자, 남자","긍정적, 활발함, 차분함",오프라인
802,"식단, 헬스, 프로젝트",여자,"협력적, 꼼꼼함, 천천히",오프라인
803,"미술, 외국어, 영화","여자, 남자","차분함, 협력적, 비즈니스",오프라인
804,"독서, 축구, 미술","남자, 여자","협력적, 스파르타, 신중함","오프라인, 온라인"
805,"코딩, 독서, 프로젝트","여자, 남자","천천히, 꼼꼼함, 협력적",오프라인
806,"미술, 축구, 자격증","남자, 여자","신중함, 차분함, 협력적","온라인, 오프라인"
807,"영화, 테니스, 헬스",남자,"꼼꼼함, 스파르타, 비즈니스","온라인, 오프라인"
808,"다이어트, 프로젝트, 면접","여자, 남자","차분함, 꼼꼼함, 천천히","온라인, 오프라인"
809,"명상, 면접, 경제",남자,"친목, 활발함, 신중함","오프라인, 온라인"
810,"다이어트, 독서, 코딩","여자, 남자","활발함, 긍정적, 협력적",온라인
811,"음악, 식단, 주식","남자, 여자","친목, 활발함, 천천히",오프라인
812,"프로젝트, 음악, 경제","여자, 남자","신중함, 차분함, 협력적",오프라인
813,"자격증, 종교, 면접","남자, 여자","신중함, 긍정적, 협력적",오프라인
814,"헬스, 명상, 면접",남자,"긍정적, 꼼꼼함, 비즈니스","오프라인, 온라인"
815,"외국어, 프로젝트, 식단",여자,"협력적, 차분함, 긍정적","오프라인, 온라인"
816,"코딩, 필라테스, 면접","남자, 여자","차분함, 긍정적, 천천히","오프라인, 온라인"
817,"코딩, 영화, 면접","남자, 여자","천천히, 꼼꼼함, 활발함",온라인
818,"경제, 면접, 미술","여자, 남자","스파르타, 비즈니스, 친목","오프라인, 온라인"
819,"명상, 음악, 면접",남자,"친목, 차분함, 천천히",오프라인
820,"테니스, 축구, 종교","여자, 남자","긍정적, 스파르타, 협력적",온라인
821,"식단, 축구, 영화",여자,"꼼꼼함, 친목, 차분함","오프라인, 온라인"
822,"면접, 독서, 프로젝트",여자,"신중함, 긍정적, 친목","오프라인, 온라인"
823,"헬스, 면접, 식단","여자, 남자","차분함, 천천히, 스파르타","온라인, 오프라인"
824,"영화, 헬스, 테니스","남자, 여자","긍정적, 친목, 차분함",온라인
825,"독서, 면접, 명상",남자,"차분함, 협력적, 신중함","오프라인, 온라인"
826,"자격증, 독서, 영화","여자, 남자","협력적, 신중함, 꼼꼼함",오프라인
827,"종교, 주식, 자격증","여자, 남자","차분함, 천천히, 친목","오프라인, 온라인"
828,"프로젝트, 헬스, 명상",여자,"협력적, 활발함, 신중함",오프라인
829,"코딩, 식단, 프로젝트",여자,"꼼꼼함, 활발함, 신중함","오프라인, 온라인"
830,"경제, 외국어, 프로젝트",남자,"친목, 차분함, 활발함",오프라인
831,"명상, 음악, 식단",남자,"차분함, 협력적, 긍정적","온라인, 오프라인"
832,"필라테스, 다이어트, 명상",남자,"활발함, 비즈니스, 꼼꼼함","온라인, 오프라인"
833,"경제, 테니스, 식단",여자,"꼼꼼함, 비즈니스, 신중함","온라인, 오프라인"
834,"테니스, 미술, 종교","남자, 여자","신중함, 활발함, 친목","오프라인, 온라인"
835,"면접, 독서, 자격증",남자,"친목, 비즈니스, 활발함","온라인, 오프라인"
836,"식단, 미술, 명상","여자, 남자","긍정적, 활발함, 협력적",온라인
837,"다이어트, 명상, 종교","남자, 여자","천천히, 스파르타, 차분함",온라인
838,"축구, 프로젝트, 주식",여자,"협력적, 친목, 긍정적",오프라인
839,"축구, 면접, 자격증",남자,"신중함, 비즈니스, 협력적","오프라인, 온라인"
840,"미술, 헬스, 주식","여자, 남자","친목, 꼼꼼함, 활발함",온라인
841,"테니스, 헬스, 자격증",여자,"차분함, 천천히, 긍정적","오프라인, 온라인"
842,"독서, 다이어트, 주식",남자,"긍정적, 비즈니스, 천천히",오프라인
843,"영화, 독서, 면접",남자,"친목, 활발함, 협력적",오프라인
844,"코딩, 경제, 미술",남자,"차분함, 신중함, 비즈니스","온라인, 오프라인"
845,"주식, 종교, 명상",여자,"차분함, 친목, 긍정적","오프라인, 온라인"
846,"주식, 명상, 식단",남자,"긍정적, 꼼꼼함, 스파르타","오프라인, 온라인"
847,"경제, 테니스, 주식",남자,"차분함, 활발함, 비즈니스","오프라인, 온라인"
848,"경제, 음악, 영화",남자,"긍정적, 협력적, 신중함",온라인
849,"종교, 주식, 식단",여자,"협력적, 긍정적, 활발함","오프라인, 온라인"
850,"영화, 필라테스, 경제","남자, 여자","긍정적, 차분함, 친목",오프라인
851,"식단, 영화, 종교","여자, 남자","긍정적, 차분함, 활발함",온라인
852,"필라테스, 프로젝트, 테니스","여자, 남자","천천히, 긍정적, 협력적","오프라인, 온라인"
853,"필라테스, 명상, 경제","여자, 남자","스파르타, 신중함, 천천히",오프라인
854,"경제, 명상, 다이어트",여자,"활발함, 비즈니스, 협력적",오프라인
855,"미술, 독서, 면접","남자, 여자","친목, 신중함, 긍정적","온라인, 오프라인"
856,"면접, 축구, 경제","여자, 남자","스파르타, 신중함, 활발함",오프라인
857,"테니스, 음악, 헬스",남자,"차분함, 신중함, 스파르타",오프라인
858,"식단, 독서, 코딩","남자, 여자","차분함, 친목, 꼼꼼함","온라인, 오프라인"
859,"영화, 명상, 자격증","여자, 남자","비즈니스, 차분함, 친목",온라인
860,"테니스, 코딩, 종교",여자,"스파르타, 비즈니스, 천천히",오프라인
861,"코딩, 외국어, 면접",여자,"활발함, 긍정적, 차분함",오프라인
862,"경제, 음악, 주식","남자, 여자","비즈니스, 스파르타, 꼼꼼함",온라인
863,"명상, 프로젝트, 테니스",남자,"협력적, 천천히, 친목","오프라인, 온라인"
864,"다이어트, 헬스, 주식",남자,"신중함, 꼼꼼함, 협력적","오프라인, 온라인"
865,"외국어, 주식, 독서","남자, 여자","신중함, 차분함, 스파르타","오프라인, 온라인"
866,"필라테스, 다이어트, 경제","여자, 남자","차분함, 꼼꼼함, 협력적","오프라인, 온라인"
867,"다이어트, 필라테스, 헬스","남자, 여자","협력적, 비즈니스, 신중함","오프라인, 온라인"
868,"다이어트, 자격증, 주식","여자, 남자","꼼꼼함, 천천히, 긍정적","온라인, 오프라인"
869,"자격증, 명상, 영화",남자,"신중함, 긍정적, 꼼꼼함",온라인
870,"자격증, 미술, 외국어",여자,"긍정적, 스파르타, 비즈니스","온라인, 오프라인"
871,"프로젝트, 필라테스, 축구",여자,"친목, 활발함, 신중함","온라인, 오프라인"
872,"종교, 필라테스, 외국어","여자, 남자","스파르타, 비즈니스, 차분함",오프라인
873,"축구, 식단, 면접","남자, 여자","신중함, 친목, 꼼꼼함","오프라인, 온라인"
874,"미술, 주식, 필라테스","여자, 남자","차분함, 활발함, 스파르타","온라인, 오프라인"
875,"축구, 코딩, 프로젝트",남자,"협력적, 긍정적, 스파르타",오프라인
876,"다이어트, 필라테스, 미술",여자,"활발함, 협력적, 친목",오프라인
877,"독서, 명상, 외국어","여자, 남자","활발함, 친목, 천천히","오프라인, 온라인"
878,"독서, 종교, 프로젝트",여자,"긍정적, 꼼꼼함, 천천히",온라인
879,"주식, 음악, 독서","여자, 남자","차분함, 신중함, 긍정적",온라인
880,"경제, 헬스, 면접","여자, 남자","친목, 천천히, 활발함","온라인, 오프라인"
881,"경제, 명상, 코딩",남자,"활발함, 신중함, 스파르타",온라인
882,"면접, 코딩, 테니스",여자,"비즈니스, 천천히, 긍정적",온라인
883,"외국어, 종교, 주식",남자,"활발함, 긍정적, 친목","오프라인, 온라인"
884,"음악, 주식, 경제",남자,"협력적, 긍정적, 신중함","오프라인, 온라인"
885,"외국어, 자격증, 종교",남자,"천천히, 스파르타, 차분함","오프라인, 온라인"
886,"면접, 필라테스, 미술",여자,"활발함, 친목, 긍정적","온라인, 오프라인"
887,"프로젝트, 헬스, 테니스",여자,"스파르타, 친목, 천천히",온라인
888,"음악, 헬스, 명상","여자, 남자","신중함, 꼼꼼함, 협력적","온라인, 오프라인"
889,"외국어, 필라테스, 독서",남자,"협력적, 스파르타, 차분함","오프라인, 온라인"
890,"코딩, 식단, 자격증","남자, 여자","차분함, 긍정적, 친목","온라인, 오프라인"
891,"필라테스, 미술, 자격증",여자,"긍정적, 활발함, 천천히",오프라인
892,"종교, 음악, 독서",남자,"긍정적, 천천히, 협력적","온라인, 오프라인"
893,"미술, 다이어트, 식단",남자,"스파르타, 비즈니스, 차분함",오프라인
894,"자격증, 주식, 면접",여자,"친목, 협력적, 활발함","오프라인, 온라인"
895,"독서, 헬스, 다이어트",여자,"긍정적, 친목, 신중함",온라인
896,"영화, 필라테스, 음악",남자,"꼼꼼함, 친목, 신중함","오프라인, 온라인"
897,"필라테스, 식단, 미술",여자,"친목, 긍정적, 협력적","오프라인, 온라인"
898,"자격증, 외국어, 미술","남자, 여자","꼼꼼함, 협력적, 긍정적","온라인, 오프라인"
899,"종교, 자격증, 헬스","여자, 남자","차분함, 천천히, 친목",오프라인
900,"축구, 필라테스, 명상",여자,"차분함, 천천히, 비즈니스","오프라인, 온라인"
901,"음악, 필라테스, 식단",남자,"친목, 협력적, 긍정적",온라인
902,"독서, 영화, 면접","여자, 남자","활발함, 신중함, 긍정적",오프라인
903,"코딩, 테니스, 경제","남자, 여자","비즈니스, 꼼꼼함, 신중함",온라인
904,"종교, 다이어트, 프로젝트",남자,"활발함, 비즈니스, 긍정적",온라인
905,"미술, 종교, 헬스","남자, 여자","스파르타, 활발함, 천천히",온라인
906,"종교, 주식, 다이어트","여자, 남자","차분함, 꼼꼼함, 비즈니스",오프라인
907,"독서, 식단, 영화","남자, 여자","협력적, 신중함, 비즈니스",온라인
908,"코딩, 명상, 헬스","남자, 여자","비즈니스, 활발함, 협력적","오프라인, 온라인"
909,"축구, 코딩, 경제","남자, 여자","차분함, 활발함, 협력적",온라인
910,"미술, 명상, 외국어",여자,"천천히, 꼼꼼함, 긍정적","온라인, 오프라인"
911,"종교, 미술, 영화","남자, 여자","차분함, 스파르타, 협력적","오프라인, 온라인"
912,"식단, 독서, 면접","남자, 여자","스파르타, 꼼꼼함, 협력적",온라인
913,"영화, 외국어, 테니스","남자, 여자","꼼꼼함, 스파르타, 친목","온라인, 오프라인"
914,"영화, 명상, 외국어",여자,"스파르타, 긍정적, 친목","오프라인, 온라인"
915,"자격증, 필라테스, 코딩",여자,"긍정적, 스파르타, 친목",온라인
916,"축구, 면접, 주식",여자,"긍정적, 친목, 꼼꼼함","온라인, 오프라인"
917,"자격증, 필라테스, 주식","여자, 남자","협력적, 비즈니스, 활발함",오프라인
918,"축구, 자격증, 영화",여자,"활발함, 천천히, 차분함",오프라인
919,"면접, 다이어트, 식단","여자, 남자","스파르타, 친목, 천천히",온라인
920,"미술, 주식, 프로젝트","남자, 여자","긍정적, 꼼꼼함, 비즈니스","온라인, 오프라인"
921,"식단, 헬스, 종교","남자, 여자","스파르타, 협력적, 친목","오프라인, 온라인"
922,"코딩, 면접, 필라테스","남자, 여자","신중함, 협력적, 꼼꼼함","온라인, 오프라인"
923,"외국어, 면접, 명상",여자,"활발함, 협력적, 스파르타","오프라인, 온라인"
924,"영화, 코딩, 독서","여자, 남자","차분함, 천천히, 신중함","온라인, 오프라인"
925,"명상, 식단, 코딩","여자, 남자","친목, 차분함, 비즈니스","오프라인, 온라인"
926,"미술, 프로젝트, 독서","여자, 남자","협력적, 긍정적, 비즈니스",오프라인
927,"독서, 주식, 필라테스",여자,"활발함, 협력적, 친목",오프라인
928,"경제, 미술, 음악",여자,"협력적, 스파르타, 활발함","오프라인, 온라인"
929,"독서, 경제, 필라테스","남자, 여자","천천히, 활발함, 긍정적","온라인, 오프라인"
930,"식단, 코딩, 독서",여자,"차분함, 협력적, 친목",오프라인
931,"미술, 헬스, 음악",여자,"협력적, 차분함, 비즈니스","오프라인, 온라인"
932,"음악, 식단, 독서",남자,"긍정적, 비즈니스, 스파르타",온라인
933,"코딩, 테니스, 프로젝트",여자,"천천히, 친목, 꼼꼼함",온라인
934,"코딩, 종교, 영화","여자, 남자","차분함, 협력적, 스파르타","오프라인, 온라인"
935,"음악, 외국어, 필라테스","여자, 남자","차분함, 천천히, 긍정적",오프라인
936,"미술, 주식, 독서","남자, 여자","활발함, 협력적, 친목",온라인
937,"헬스, 식단, 명상","남자, 여자","신중함, 스파르타, 천천히",오프라인
938,"면접, 축구, 자격증","여자, 남자","비즈니스, 꼼꼼함, 천천히",온라인
939,"헬스, 축구, 영화",여자,"스파르타, 신중함, 천천히","오프라인, 온라인"
940,"영화, 미술, 헬스","남자, 여자","활발함, 차분함, 긍정적","온라인, 오프라인"
941,"다이어트, 헬스, 필라테스",남자,"활발함, 긍정적, 꼼꼼함","온라인, 오프라인"
942,"종교, 외국어, 코딩","여자, 남자","활발함, 스파르타, 비즈니스","오프라인, 온라인"
943,"경제, 종교, 테니스",여자,"친목, 비즈니스, 긍정적",온라인
944,"명상, 독서, 프로젝트",남자,"친목, 꼼꼼함, 천천히","오프라인, 온라인"
945,"헬스, 필라테스, 코딩",남자,"긍정적, 신중함, 비즈니스","온라인, 오프라인"
946,"음악, 주식, 식단",여자,"천천히, 신중함, 스파르타","온라인, 오프라인"
947,"축구, 경제, 주식",남자,"비즈니스, 스파르타, 차분함",온라인
948,"명상, 헬스, 독서","여자, 남자","친목, 신중함, 비즈니스",오프라인
949,"코딩, 축구, 미술",여자,"친목, 협력적, 비즈니스","오프라인, 온라인"
950,"자격증, 명상, 코딩",여자,"신중함, 꼼꼼함, 친목","오프라인, 온라인"
951,"다이어트, 음악, 독서","여자, 남자","천천히, 활발함, 비즈니스","온라인, 오프라인"
952,"음악, 영화, 명상","남자, 여자","신중함, 꼼꼼함, 활발함",오프라인
953,"프로젝트, 음악, 경제",여자,"친목, 신중함, 천천히",온라인
954,"명상, 독서, 필라테스","남자, 여자","활발함, 신중함, 스파르타",오프라인
955,"미술, 주식, 외국어",남자,"스파르타, 천천히, 친목","온라인, 오프라인"
956,"프로젝트, 영화, 면접","남자, 여자","차분함, 천천히, 꼼꼼함","온라인, 오프라인"
957,"필라테스, 주식, 프로젝트","남자, 여자","천천히, 긍정적, 꼼꼼함",온라인
958,"프로젝트, 주식, 축구","여자, 남자","활발함, 친목, 꼼꼼함",온라인
959,"테니스, 자격증, 필라테스",여자,"비즈니스, 스파르타, 천천히","오프라인, 온라인"
960,"종교, 영화, 음악","여자, 남자","천천히, 활발함, 친목",오프라인
961,"다이어트, 필라테스, 축구","여자, 남자","스파르타, 꼼꼼함, 활발함",오프라인
962,"명상, 영화, 경제","여자, 남자","친목, 스파르타, 꼼꼼함","온라인, 오프라인"
963,"외국어, 헬스, 영화",여자,"스파르타, 천천히, 신중함",오프라인
964,"명상, 종교, 외국어","여자, 남자","활발함, 친목, 천천히","오프라인, 온라인"
965,"미술, 음악, 명상","남자, 여자","스파르타, 친목, 비즈니스","오프라인, 온라인"
966,"식단, 명상, 외국어",남자,"친목, 긍정적, 협력적",오프라인
967,"축구, 미술, 코딩","여자, 남자","활발함, 친목, 협력적",온라인
968,"프로젝트, 영화, 종교","여자, 남자","긍정적, 꼼꼼함, 천천히","오프라인, 온라인"
969,"코딩, 프로젝트, 경제","여자, 남자","꼼꼼함, 친목, 신중함","오프라인, 온라인"
970,"음악, 외국어, 경제",여자,"긍정적, 협력적, 스파르타","온라인, 오프라인"
971,"필라테스, 독서, 다이어트","여자, 남자","긍정적, 활발함, 비즈니스","온라인, 오프라인"
972,"헬스, 경제, 필라테스","남자, 여자","차분함, 협력적, 비즈니스",오프라인
973,"축구, 코딩, 면접","남자, 여자","비즈니스, 차분함, 천천히",온라인
974,"식단, 자격증, 헬스","여자, 남자","차분함, 긍정적, 비즈니스",오프라인
975,"명상, 다이어트, 미술","여자, 남자","스파르타, 긍정적, 비즈니스","오프라인, 온라인"
976,"미술, 영화, 필라테스",남자,"비즈니스, 스파르타, 신중함","오프라인, 온라인"
977,"축구, 코딩, 명상",남자,"긍정적, 꼼꼼함, 활발함",오프라인
978,"코딩, 다이어트, 명상","여자, 남자","활발함, 천천히, 스파르타",오프라인
979,"음악, 자격증, 독서","남자, 여자","협력적, 차분함, 천천히",오프라인
980,"명상, 주식, 영화","남자, 여자","긍정적, 꼼꼼함, 협력적","오프라인, 온라인"
981,"축구, 독서, 외국어","여자, 남자","천천히, 꼼꼼함, 활발함",오프라인
982,"명상, 테니스, 미술","남자, 여자","친목, 천천히, 차분함","온라인, 오프라인"
983,"영화, 음악, 독서",여자,"천천히, 활발함, 스파르타",오프라인
984,"음악, 독서, 축구",여자,"활발함, 천천히, 협력적","오프라인, 온라인"
985,"음악, 코딩, 외국어","남자, 여자","비즈니스, 협력적, 스파르타","온라인, 오프라인"
986,"주식, 테니스, 미술",여자,"꼼꼼함, 스파르타, 비즈니스",오프라인
987,"종교, 자격증, 외국어","남자, 여자","비즈니스, 신중함, 차분함",온라인
988,"면접, 필라테스, 명상",남자,"긍정적, 친목, 차분함",오프라인
989,"헬스, 경제, 독서",남자,"협력적, 친목, 활발함","오프라인, 온라인"
990,"코딩, 축구, 주식","여자, 남자","활발함, 차분함, 친목",오프라인
991,"미술, 필라테스, 다이어트","남자, 여자","협력적, 활발함, 스파르타","온라인, 오프라인"
992,"독서, 영화, 헬스",남자,"활발함, 꼼꼼함, 천천히",오프라인
993,"명상, 영화, 다이어트",남자,"비즈니스, 긍정적, 꼼꼼함","오프라인, 온라인"
994,"종교, 영화, 자격증",여자,"천천히, 친목, 협력적",온라인
995,"미술, 주식, 식단",남자,"활발함, 비즈니스, 신중함","온라인, 오프라인"
996,"독서, 외국어, 주식","여자, 남자","천천히, 스파르타, 신중함","오프라인, 온라인"
997,"영화, 명상, 코딩","남자, 여자","스파르타, 활발함, 친목",온라인
998,"헬스, 식단, 명상",남자,"꼼꼼함, 차분함, 긍정적","오프라인, 온라인"
999,"코딩, 축구, 식단",여자,"협력적, 차분함, 천천히","오프라인, 온라인"
1000,"음악, 필라테스, 종교","남자, 여자","꼼꼼함, 천천히, 비즈니스","오프라인, 온라인"
